ticket_id,created_at,category,priority,assigned_tech_id,resolved_at,resolution_hours,sla_target_hours,sla_breached,reopened
HD-00030,2025-03-03T08:10,Network & VPN,Low,T01,2025-03-04T12:10,27.99,48,False,False
HD-00004,2025-03-03T08:19,Password Reset,Medium,T01,2025-03-03T08:30,0.19,24,False,False
HD-00032,2025-03-03T10:47,Network & VPN,Critical,T01,2025-03-04T04:09,17.36,4,True,False
HD-00016,2025-03-03T11:20,Email & Calendar,Low,T01,2025-03-03T13:48,2.46,48,False,False
HD-00008,2025-03-03T11:29,Account Access,Medium,T01,2025-03-03T12:53,1.4,24,False,False
HD-00017,2025-03-03T11:51,Email & Calendar,Medium,T06,2025-03-03T21:36,9.76,24,False,False
HD-00001,2025-03-03T12:12,Password Reset,Medium,T07,2025-03-03T13:19,1.12,24,False,False
HD-00027,2025-03-03T13:56,Software Install,Medium,T05,2025-03-03T21:16,7.34,24,False,False
HD-00029,2025-03-03T15:20,Software Install,High,T07,2025-03-03T23:55,8.58,8,True,False
HD-00014,2025-03-04T09:37,Account Access,High,T05,2025-03-04T11:50,2.22,8,False,False
HD-00020,2025-03-04T09:47,Hardware,Medium,T02,2025-03-04T20:11,10.41,24,False,False
HD-00021,2025-03-04T13:09,Hardware,Medium,T08,2025-03-04T21:15,8.1,24,False,False
HD-00028,2025-03-04T13:43,Software Install,Low,T06,2025-03-04T20:10,6.45,48,False,False
HD-00022,2025-03-04T16:49,Hardware,Medium,T04,2025-03-04T20:05,3.27,24,False,False
HD-00010,2025-03-05T09:21,Account Access,Medium,T06,2025-03-05T11:38,2.28,24,False,False
HD-00033,2025-03-05T13:29,Network & VPN,Low,T06,2025-03-05T23:38,10.14,48,False,True
HD-00012,2025-03-05T13:57,Account Access,Low,T07,2025-03-05T18:17,4.34,48,False,False
HD-00018,2025-03-05T15:17,Hardware,Low,T07,2025-03-05T21:01,5.73,48,False,False
HD-00026,2025-03-05T16:14,Software Install,High,T02,2025-03-06T03:32,11.31,8,True,False
HD-00009,2025-03-05T16:48,Account Access,Medium,T04,2025-03-05T19:01,2.21,24,False,False
HD-00024,2025-03-06T08:37,Hardware,Medium,T08,2025-03-06T15:56,7.33,24,False,False
HD-00007,2025-03-06T10:24,Password Reset,High,T02,2025-03-06T11:09,0.75,8,False,False
HD-00013,2025-03-06T13:07,Account Access,Low,T08,2025-03-06T17:53,4.76,48,False,False
HD-00023,2025-03-06T13:13,Hardware,Medium,T06,2025-03-06T20:49,7.6,24,False,False
HD-00025,2025-03-06T15:15,Hardware,Medium,T03,2025-03-06T18:12,2.96,24,False,False
HD-00003,2025-03-06T16:54,Password Reset,Low,T05,2025-03-06T17:41,0.79,48,False,False
HD-00031,2025-03-07T08:21,Network & VPN,Medium,T05,2025-03-07T18:48,10.46,24,False,False
HD-00006,2025-03-07T09:48,Password Reset,Medium,T06,2025-03-07T10:39,0.85,24,False,False
HD-00015,2025-03-07T12:12,Email & Calendar,Medium,T08,2025-03-07T14:48,2.6,24,False,False
HD-00002,2025-03-07T12:32,Password Reset,Medium,T04,2025-03-07T13:04,0.54,24,False,False
HD-00005,2025-03-07T12:37,Password Reset,Medium,T06,2025-03-07T13:21,0.73,24,False,False
HD-00019,2025-03-07T13:39,Hardware,High,T01,2025-03-07T19:57,6.31,8,False,False
HD-00011,2025-03-07T16:42,Account Access,Low,T01,2025-03-07T17:41,0.98,48,False,False
HD-00060,2025-03-10T09:36,Software Install,Low,T07,2025-03-10T13:07,3.51,48,False,False
HD-00057,2025-03-10T10:02,Hardware,Low,T04,2025-03-10T13:20,3.29,48,False,False
HD-00055,2025-03-10T10:49,Hardware,Medium,T01,2025-03-11T00:45,13.93,24,False,False
HD-00050,2025-03-10T11:46,Email & Calendar,Low,T04,2025-03-10T19:34,7.8,48,False,False
HD-00039,2025-03-10T12:06,Password Reset,Medium,T03,2025-03-10T13:23,1.28,24,False,False
HD-00053,2025-03-10T13:10,Hardware,Medium,T02,2025-03-10T22:03,8.89,24,False,False
HD-00049,2025-03-10T14:50,Email & Calendar,High,T02,2025-03-10T17:49,2.99,8,False,False
HD-00037,2025-03-10T15:48,Password Reset,High,T06,2025-03-10T16:26,0.64,8,False,True
HD-00051,2025-03-10T16:56,Hardware,Low,T07,2025-03-10T23:32,6.6,48,False,False
HD-00045,2025-03-11T08:52,Account Access,High,T06,2025-03-11T10:53,2.02,8,False,False
HD-00052,2025-03-11T09:06,Hardware,Low,T08,2025-03-11T22:18,13.2,48,False,True
HD-00064,2025-03-11T09:30,Network & VPN,High,T03,2025-03-11T21:28,11.96,8,True,False
HD-00046,2025-03-11T12:49,Email & Calendar,High,T03,2025-03-11T16:31,3.7,8,False,False
HD-00061,2025-03-12T08:21,Network & VPN,Medium,T08,2025-03-13T19:54,35.54,24,True,True
HD-00044,2025-03-12T09:41,Account Access,Medium,T05,2025-03-12T12:20,2.66,24,False,False
HD-00038,2025-03-12T09:55,Password Reset,Medium,T06,2025-03-12T11:06,1.17,24,False,False
HD-00054,2025-03-12T09:57,Hardware,High,T08,2025-03-12T16:05,6.13,8,False,False
HD-00062,2025-03-12T12:11,Network & VPN,High,T02,2025-03-13T01:03,12.88,8,True,False
HD-00035,2025-03-12T13:09,Password Reset,Medium,T02,2025-03-12T13:46,0.61,24,False,True
HD-00036,2025-03-12T13:41,Password Reset,High,T06,2025-03-12T14:12,0.52,8,False,False
HD-00042,2025-03-12T14:46,Password Reset,Medium,T01,2025-03-12T15:03,0.29,24,False,False
HD-00041,2025-03-13T09:56,Password Reset,Low,T05,2025-03-13T10:36,0.68,48,False,False
HD-00034,2025-03-13T15:10,Password Reset,Low,T07,2025-03-13T15:57,0.79,48,False,False
HD-00048,2025-03-13T15:35,Email & Calendar,High,T08,2025-03-13T17:10,1.59,8,False,False
HD-00043,2025-03-13T16:09,Account Access,Low,T01,2025-03-13T17:03,0.9,48,False,False
HD-00056,2025-03-13T16:57,Hardware,High,T01,2025-03-14T00:56,7.99,8,False,False
HD-00065,2025-03-14T10:57,Network & VPN,Critical,T05,2025-03-14T15:52,4.91,4,True,False
HD-00059,2025-03-14T13:39,Software Install,Medium,T05,2025-03-15T01:08,11.48,24,False,False
HD-00040,2025-03-14T13:57,Password Reset,High,T02,2025-03-14T14:41,0.73,8,False,False
HD-00058,2025-03-14T14:01,Software Install,Low,T02,2025-03-15T02:46,12.75,48,False,False
HD-00063,2025-03-14T14:22,Network & VPN,High,T07,2025-03-15T10:14,19.88,8,True,False
HD-00047,2025-03-14T15:11,Email & Calendar,Medium,T02,2025-03-14T16:08,0.95,24,False,False
HD-00069,2025-03-17T08:21,Password Reset,Medium,T08,2025-03-17T08:48,0.45,24,False,False
HD-00078,2025-03-17T10:38,Password Reset,Low,T02,2025-03-17T11:47,1.15,48,False,False
HD-00094,2025-03-17T10:50,Software Install,Low,T01,2025-03-17T16:26,5.6,48,False,False
HD-00075,2025-03-17T11:25,Password Reset,High,T07,2025-03-17T12:29,1.06,8,False,False
HD-00096,2025-03-17T13:28,Software Install,Medium,T08,2025-03-18T02:35,13.12,24,False,True
HD-00087,2025-03-17T14:54,Email & Calendar,Medium,T03,2025-03-17T18:06,3.19,24,False,False
HD-00085,2025-03-18T10:19,Account Access,Medium,T06,2025-03-18T13:03,2.73,24,False,False
HD-00080,2025-03-18T10:49,Account Access,Medium,T07,2025-03-18T12:34,1.75,24,False,False
HD-00084,2025-03-18T14:08,Account Access,Low,T01,2025-03-18T15:16,1.13,48,False,False
HD-00097,2025-03-18T14:14,Software Install,Medium,T06,2025-03-18T20:33,6.32,24,False,False
HD-00081,2025-03-18T15:26,Account Access,Medium,T07,2025-03-18T17:55,2.47,24,False,False
HD-00090,2025-03-19T09:14,Email & Calendar,Low,T02,2025-03-19T10:49,1.58,48,False,False
HD-00098,2025-03-19T10:44,Network & VPN,Medium,T02,2025-03-20T05:15,18.53,24,False,False
HD-00079,2025-03-19T12:01,Password Reset,Medium,T03,2025-03-19T13:40,1.65,24,False,False
HD-00071,2025-03-19T12:05,Password Reset,High,T02,2025-03-19T12:40,0.58,8,False,False
HD-00072,2025-03-19T12:11,Password Reset,Medium,T07,2025-03-19T12:50,0.65,24,False,False
HD-00091,2025-03-19T12:16,Hardware,Low,T02,2025-03-19T20:24,8.14,48,False,False
HD-00066,2025-03-19T12:57,Password Reset,High,T02,2025-03-19T13:27,0.49,8,False,False
HD-00077,2025-03-19T13:58,Password Reset,Medium,T05,2025-03-19T14:57,0.98,24,False,False
HD-00099,2025-03-19T14:07,Network & VPN,High,T08,2025-03-20T06:55,16.8,8,True,True
HD-00068,2025-03-19T14:34,Password Reset,Low,T05,2025-03-19T15:49,1.25,48,False,False
HD-00088,2025-03-19T14:54,Email & Calendar,High,T05,2025-03-19T16:56,2.04,8,False,False
HD-00076,2025-03-20T08:18,Password Reset,Medium,T06,2025-03-20T09:34,1.27,24,False,False
HD-00073,2025-03-20T11:39,Password Reset,Medium,T06,2025-03-20T12:27,0.81,24,False,False
HD-00070,2025-03-20T13:20,Password Reset,Low,T01,2025-03-20T13:35,0.25,48,False,False
HD-00086,2025-03-20T14:56,Email & Calendar,Medium,T04,2025-03-20T19:43,4.78,24,False,False
HD-00092,2025-03-20T16:02,Software Install,Medium,T08,2025-03-21T05:47,13.75,24,False,False
HD-00067,2025-03-20T16:37,Password Reset,Medium,T01,2025-03-20T17:02,0.42,24,False,False
HD-00083,2025-03-21T08:30,Account Access,High,T07,2025-03-21T12:22,3.86,8,False,False
HD-00074,2025-03-21T12:11,Password Reset,High,T04,2025-03-21T12:56,0.74,8,False,False
HD-00089,2025-03-21T12:24,Email & Calendar,Low,T04,2025-03-21T14:16,1.87,48,False,False
HD-00082,2025-03-21T12:54,Account Access,Low,T03,2025-03-21T16:55,4.02,48,False,False
HD-00095,2025-03-21T13:30,Software Install,Medium,T08,2025-03-22T07:58,18.46,24,False,False
HD-00093,2025-03-21T14:56,Software Install,Low,T05,2025-03-22T07:47,16.84,48,False,False
HD-00128,2025-03-24T08:17,Software Install,High,T08,2025-03-25T03:08,18.84,8,True,True
HD-00122,2025-03-24T08:28,Hardware,Low,T03,2025-03-24T12:34,4.1,48,False,False
HD-00101,2025-03-24T08:45,Password Reset,Low,T07,2025-03-24T09:51,1.1,48,False,False
HD-00104,2025-03-24T11:29,Password Reset,Low,T06,2025-03-24T12:47,1.3,48,False,False
HD-00119,2025-03-24T12:42,Email & Calendar,High,T04,2025-03-24T18:30,5.79,8,False,False
HD-00133,2025-03-24T14:02,Network & VPN,High,T05,2025-03-24T22:30,8.46,8,True,False
HD-00116,2025-03-24T15:21,Email & Calendar,Critical,T01,2025-03-24T19:19,3.96,4,False,False
HD-00100,2025-03-25T09:03,Password Reset,Medium,T07,2025-03-25T10:05,1.04,24,False,False
HD-00135,2025-03-25T09:40,Network & VPN,Low,T06,2025-03-25T16:28,6.8,48,False,False
HD-00132,2025-03-25T11:53,Network & VPN,Low,T04,2025-03-26T08:00,20.11,48,False,False
HD-00111,2025-03-25T12:13,Account Access,Medium,T07,2025-03-25T13:54,1.69,24,False,False
HD-00113,2025-03-25T13:12,Account Access,Medium,T08,2025-03-25T15:09,1.95,24,False,False
HD-00123,2025-03-25T13:16,Hardware,Low,T03,2025-03-25T16:07,2.84,48,False,False
HD-00136,2025-03-25T13:43,Network & VPN,Low,T03,2025-03-26T09:17,19.56,48,False,False
HD-00105,2025-03-25T14:34,Password Reset,Low,T02,2025-03-25T15:15,0.68,48,False,False
HD-00121,2025-03-25T15:01,Email & Calendar,Low,T03,2025-03-25T16:57,1.92,48,False,False
HD-00127,2025-03-25T16:09,Software Install,Low,T02,2025-03-25T22:07,5.97,48,False,False
HD-00125,2025-03-25T16:15,Hardware,Medium,T08,2025-03-26T09:27,17.19,24,False,False
HD-00108,2025-03-25T16:18,Password Reset,Low,T06,2025-03-25T16:55,0.62,48,False,False
HD-00130,2025-03-25T16:29,Network & VPN,Critical,T04,2025-03-25T23:51,7.37,4,True,False
HD-00109,2025-03-26T09:07,Password Reset,High,T01,2025-03-26T09:35,0.47,8,False,False
HD-00106,2025-03-26T10:35,Password Reset,Medium,T04,2025-03-26T11:19,0.73,24,False,False
HD-00134,2025-03-26T10:44,Network & VPN,High,T03,2025-03-26T19:15,8.52,8,True,False
HD-00110,2025-03-26T11:19,Account Access,High,T05,2025-03-26T13:00,1.69,8,False,False
HD-00115,2025-03-26T11:21,Email & Calendar,Medium,T03,2025-03-26T16:15,4.9,24,False,False
HD-00112,2025-03-26T11:31,Account Access,Low,T01,2025-03-26T13:08,1.61,48,False,False
HD-00129,2025-03-26T12:07,Software Install,Medium,T05,2025-03-27T02:24,14.28,24,False,False
HD-00126,2025-03-26T12:16,Software Install,Low,T06,2025-03-26T21:44,9.47,48,False,False
HD-00107,2025-03-27T09:33,Password Reset,Low,T03,2025-03-27T10:11,0.64,48,False,False
HD-00131,2025-03-27T11:22,Network & VPN,High,T04,2025-03-27T18:13,6.86,8,False,False
HD-00118,2025-03-27T12:13,Email & Calendar,Critical,T02,2025-03-27T13:11,0.97,4,False,False
HD-00103,2025-03-27T13:43,Password Reset,High,T07,2025-03-27T14:26,0.72,8,False,False
HD-00117,2025-03-27T15:38,Email & Calendar,High,T02,2025-03-27T17:25,1.78,8,False,False
HD-00114,2025-03-28T09:12,Email & Calendar,Medium,T07,2025-03-28T17:09,7.95,24,False,False
HD-00124,2025-03-28T10:18,Hardware,Medium,T07,2025-03-28T18:17,7.99,24,False,False
HD-00102,2025-03-28T13:39,Password Reset,Medium,T03,2025-03-28T15:22,1.71,24,False,False
HD-00120,2025-03-28T16:50,Email & Calendar,High,T03,2025-03-28T18:35,1.75,8,False,False
HD-00167,2025-03-31T08:15,Network & VPN,Medium,T08,2025-03-31T22:42,14.44,24,False,True
HD-00169,2025-03-31T08:58,Network & VPN,High,T03,2025-04-01T04:46,19.8,8,True,False
HD-00145,2025-03-31T10:20,Account Access,Medium,T01,2025-03-31T12:16,1.94,24,False,False
HD-00144,2025-03-31T13:41,Password Reset,Low,T02,2025-03-31T14:47,1.1,48,False,False
HD-00147,2025-03-31T14:14,Account Access,High,T02,2025-03-31T15:24,1.17,8,False,False
HD-00161,2025-03-31T15:15,Hardware,Low,T08,2025-03-31T21:43,6.47,48,False,False
HD-00163,2025-03-31T16:18,Software Install,Low,T07,2025-03-31T22:06,5.81,48,False,False
HD-00138,2025-03-31T16:33,Password Reset,Low,T08,2025-03-31T16:58,0.43,48,False,False
HD-00155,2025-04-01T08:30,Email & Calendar,Medium,T05,2025-04-01T11:36,3.09,24,False,True
HD-00139,2025-04-01T11:01,Password Reset,Medium,T06,2025-04-01T11:51,0.84,24,False,True
HD-00151,2025-04-01T13:12,Email & Calendar,Low,T08,2025-04-01T15:06,1.9,48,False,False
HD-00156,2025-04-02T08:09,Email & Calendar,Medium,T03,2025-04-02T12:07,3.96,24,False,False
HD-00160,2025-04-02T08:52,Hardware,Medium,T05,2025-04-02T14:16,5.39,24,False,False
HD-00170,2025-04-02T12:52,Network & VPN,Medium,T02,2025-04-03T08:33,19.68,24,False,False
HD-00154,2025-04-02T14:17,Email & Calendar,Low,T01,2025-04-02T19:38,5.36,48,False,False
HD-00141,2025-04-02T16:20,Password Reset,Medium,T01,2025-04-02T16:54,0.56,24,False,False
HD-00148,2025-04-03T08:19,Account Access,High,T02,2025-04-03T09:57,1.64,8,False,False
HD-00140,2025-04-03T08:40,Password Reset,Low,T05,2025-04-03T09:19,0.65,48,False,True
HD-00164,2025-04-03T09:41,Software Install,Medium,T02,2025-04-03T19:58,10.28,24,False,False
HD-00150,2025-04-03T09:47,Account Access,Medium,T04,2025-04-03T12:32,2.75,24,False,False
HD-00137,2025-04-03T09:48,Password Reset,Critical,T03,2025-04-03T10:18,0.51,4,False,False
HD-00168,2025-04-03T09:55,Network & VPN,Low,T02,2025-04-03T21:01,11.1,48,False,False
HD-00157,2025-04-03T10:36,Hardware,High,T07,2025-04-03T16:29,5.89,8,False,False
HD-00159,2025-04-03T11:24,Hardware,Medium,T05,2025-04-03T21:08,9.73,24,False,False
HD-00158,2025-04-03T13:25,Hardware,Critical,T03,2025-04-03T16:36,3.18,4,False,False
HD-00165,2025-04-03T13:58,Software Install,Low,T02,2025-04-04T00:11,10.21,48,False,False
HD-00166,2025-04-03T15:53,Network & VPN,Medium,T05,2025-04-03T19:52,3.98,24,False,False
HD-00162,2025-04-03T15:54,Hardware,Medium,T07,2025-04-03T23:13,7.33,24,False,False
HD-00152,2025-04-03T16:33,Email & Calendar,Critical,T04,2025-04-03T19:06,2.54,4,False,False
HD-00142,2025-04-04T10:12,Password Reset,Critical,T01,2025-04-04T10:26,0.23,4,False,False
HD-00143,2025-04-04T10:51,Password Reset,Low,T01,2025-04-04T11:04,0.22,48,False,True
HD-00149,2025-04-04T11:37,Account Access,Medium,T07,2025-04-04T14:32,2.92,24,False,True
HD-00146,2025-04-04T12:40,Account Access,Low,T06,2025-04-04T15:20,2.67,48,False,True
HD-00153,2025-04-04T14:34,Email & Calendar,Medium,T05,2025-04-04T17:11,2.63,24,False,False
HD-00194,2025-04-07T08:45,Email & Calendar,Medium,T02,2025-04-07T10:35,1.84,24,False,False
HD-00177,2025-04-07T09:04,Password Reset,High,T08,2025-04-07T09:25,0.36,8,False,False
HD-00202,2025-04-07T09:06,Hardware,Medium,T08,2025-04-07T22:56,13.84,24,False,False
HD-00172,2025-04-07T10:33,Password Reset,High,T04,2025-04-07T11:45,1.19,8,False,False
HD-00201,2025-04-07T13:55,Hardware,Medium,T06,2025-04-07T19:46,5.85,24,False,False
HD-00188,2025-04-07T16:40,Account Access,Low,T04,2025-04-07T19:53,3.22,48,False,False
HD-00199,2025-04-08T08:04,Hardware,High,T02,2025-04-08T13:00,4.92,8,False,False
HD-00178,2025-04-08T10:36,Password Reset,High,T07,2025-04-08T11:41,1.09,8,False,True
HD-00179,2025-04-08T12:02,Password Reset,Low,T07,2025-04-08T12:58,0.93,48,False,False
HD-00181,2025-04-08T12:08,Password Reset,High,T08,2025-04-08T12:57,0.82,8,False,False
HD-00197,2025-04-08T12:41,Hardware,Critical,T05,2025-04-08T17:27,4.76,4,True,False
HD-00189,2025-04-08T13:29,Account Access,Medium,T07,2025-04-08T16:38,3.16,24,False,False
HD-00187,2025-04-08T15:58,Account Access,Medium,T05,2025-04-08T19:29,3.51,24,False,False
HD-00182,2025-04-08T15:59,Password Reset,High,T05,2025-04-08T16:35,0.6,8,False,True
HD-00174,2025-04-09T08:39,Password Reset,Medium,T05,2025-04-09T09:47,1.12,24,False,False
HD-00207,2025-04-09T10:38,Network & VPN,High,T04,2025-04-10T14:30,27.87,8,True,False
HD-00204,2025-04-09T11:07,Hardware,Low,T06,2025-04-09T20:53,9.76,48,False,False
HD-00183,2025-04-09T11:15,Account Access,High,T02,2025-04-09T12:30,1.25,8,False,False
HD-00190,2025-04-09T12:29,Email & Calendar,Low,T01,2025-04-09T16:11,3.71,48,False,False
HD-00205,2025-04-09T12:42,Software Install,Medium,T04,2025-04-09T21:49,9.12,24,False,False
HD-00186,2025-04-09T13:17,Account Access,Critical,T05,2025-04-09T14:09,0.88,4,False,False
HD-00185,2025-04-09T13:22,Account Access,Low,T08,2025-04-09T15:35,2.21,48,False,False
HD-00195,2025-04-09T16:25,Email & Calendar,Low,T08,2025-04-09T18:13,1.8,48,False,False
HD-00200,2025-04-10T08:23,Hardware,Low,T06,2025-04-10T22:40,14.29,48,False,False
HD-00192,2025-04-10T08:46,Email & Calendar,Medium,T08,2025-04-10T10:02,1.26,24,False,False
HD-00176,2025-04-10T10:57,Password Reset,Medium,T08,2025-04-10T11:20,0.38,24,False,False
HD-00198,2025-04-10T11:16,Hardware,Medium,T08,2025-04-10T18:57,7.68,24,False,False
HD-00175,2025-04-10T11:18,Password Reset,Medium,T02,2025-04-10T11:52,0.57,24,False,False
HD-00203,2025-04-10T11:41,Hardware,Medium,T02,2025-04-10T21:22,9.68,24,False,False
HD-00206,2025-04-10T14:26,Software Install,Medium,T04,2025-04-10T20:38,6.2,24,False,False
HD-00180,2025-04-10T14:41,Password Reset,High,T05,2025-04-10T15:16,0.58,8,False,False
HD-00191,2025-04-10T15:12,Email & Calendar,Low,T08,2025-04-10T16:33,1.35,48,False,False
HD-00209,2025-04-10T16:38,Network & VPN,Low,T06,2025-04-11T02:27,9.82,48,False,False
HD-00193,2025-04-11T13:00,Email & Calendar,Medium,T03,2025-04-11T16:33,3.55,24,False,True
HD-00184,2025-04-11T13:53,Account Access,Low,T07,2025-04-11T15:48,1.91,48,False,False
HD-00171,2025-04-11T14:28,Password Reset,Medium,T06,2025-04-11T16:29,2.02,24,False,False
HD-00196,2025-04-11T14:32,Hardware,Low,T01,2025-04-11T21:49,7.28,48,False,False
HD-00208,2025-04-11T16:07,Network & VPN,Medium,T05,2025-04-11T21:58,5.86,24,False,False
HD-00173,2025-04-11T16:25,Password Reset,Critical,T04,2025-04-11T16:56,0.53,4,False,False
HD-00218,2025-04-14T08:39,Password Reset,Medium,T04,2025-04-14T09:44,1.08,24,False,False
HD-00241,2025-04-14T08:40,Software Install,Low,T07,2025-04-14T23:04,14.39,48,False,False
HD-00223,2025-04-14T11:59,Email & Calendar,High,T06,2025-04-14T14:22,2.39,8,False,False
HD-00217,2025-04-14T13:03,Password Reset,Low,T04,2025-04-14T13:27,0.4,48,False,False
HD-00214,2025-04-14T14:56,Password Reset,Low,T01,2025-04-14T15:19,0.38,48,False,False
HD-00244,2025-04-14T15:13,Software Install,Critical,T03,2025-04-14T23:00,7.78,4,True,False
HD-00216,2025-04-15T11:27,Password Reset,Medium,T06,2025-04-15T11:56,0.49,24,False,False
HD-00240,2025-04-15T11:31,Software Install,Medium,T03,2025-04-15T20:50,9.32,24,False,False
HD-00221,2025-04-15T11:53,Account Access,Low,T05,2025-04-15T14:02,2.14,48,False,False
HD-00215,2025-04-15T12:23,Password Reset,Medium,T03,2025-04-15T13:01,0.63,24,False,False
HD-00219,2025-04-15T12:27,Account Access,Low,T03,2025-04-15T16:48,4.35,48,False,False
HD-00213,2025-04-15T12:52,Password Reset,Medium,T01,2025-04-15T13:27,0.57,24,False,False
HD-00233,2025-04-15T16:27,Hardware,Low,T02,2025-04-16T06:10,13.71,48,False,False
HD-00220,2025-04-15T16:52,Account Access,Medium,T06,2025-04-15T19:28,2.6,24,False,False
HD-00231,2025-04-16T11:32,Email & Calendar,Critical,T01,2025-04-16T13:01,1.49,4,False,False
HD-00235,2025-04-16T11:39,Hardware,Critical,T03,2025-04-16T14:53,3.23,4,False,False
HD-00234,2025-04-16T11:51,Hardware,Low,T06,2025-04-16T16:52,5.02,48,False,True
HD-00224,2025-04-16T12:10,Email & Calendar,Low,T06,2025-04-16T16:50,4.67,48,False,False
HD-00238,2025-04-16T12:27,Software Install,Low,T01,2025-04-17T08:26,19.99,48,False,False
HD-00211,2025-04-16T13:57,Password Reset,Medium,T01,2025-04-16T14:38,0.68,24,False,False
HD-00228,2025-04-16T14:03,Email & Calendar,Medium,T03,2025-04-16T16:37,2.58,24,False,False
HD-00230,2025-04-16T14:07,Email & Calendar,Critical,T06,2025-04-16T18:47,4.67,4,True,False
HD-00242,2025-04-16T14:31,Software Install,Low,T06,2025-04-16T23:17,8.76,48,False,False
HD-00212,2025-04-16T14:31,Password Reset,Medium,T02,2025-04-16T16:01,1.5,24,False,False
HD-00226,2025-04-16T16:30,Email & Calendar,High,T07,2025-04-16T19:29,2.98,8,False,False
HD-00225,2025-04-17T08:48,Email & Calendar,Medium,T02,2025-04-17T09:46,0.96,24,False,False
HD-00237,2025-04-17T08:54,Hardware,Medium,T02,2025-04-17T13:36,4.7,24,False,True
HD-00232,2025-04-17T12:34,Email & Calendar,High,T07,2025-04-17T19:03,6.47,8,False,False
HD-00243,2025-04-17T14:48,Software Install,Critical,T03,2025-04-17T22:07,7.33,4,True,True
HD-00239,2025-04-17T16:38,Software Install,High,T02,2025-04-17T23:38,7.0,8,False,False
HD-00236,2025-04-18T09:26,Hardware,Low,T05,2025-04-18T19:00,9.57,48,False,False
HD-00222,2025-04-18T10:37,Account Access,High,T02,2025-04-18T11:20,0.71,8,False,False
HD-00229,2025-04-18T12:25,Email & Calendar,Medium,T02,2025-04-18T14:44,2.31,24,False,False
HD-00245,2025-04-18T13:42,Software Install,High,T03,2025-04-19T15:09,25.46,8,True,False
HD-00227,2025-04-18T14:33,Email & Calendar,High,T07,2025-04-18T16:46,2.22,8,False,False
HD-00210,2025-04-18T15:16,Password Reset,Medium,T07,2025-04-18T16:18,1.03,24,False,False
HD-00272,2025-04-21T10:03,Software Install,Medium,T01,2025-04-22T08:38,22.57,24,False,False
HD-00252,2025-04-21T10:41,Password Reset,Medium,T08,2025-04-21T10:56,0.25,24,False,False
HD-00258,2025-04-21T13:01,Account Access,Low,T06,2025-04-21T16:15,3.22,48,False,False
HD-00263,2025-04-22T10:19,Email & Calendar,Low,T03,2025-04-22T13:57,3.64,48,False,True
HD-00268,2025-04-22T10:23,Hardware,Medium,T02,2025-04-22T19:04,8.69,24,False,False
HD-00274,2025-04-22T13:50,Network & VPN,Low,T04,2025-04-23T08:26,18.59,48,False,False
HD-00255,2025-04-22T14:05,Account Access,Low,T06,2025-04-22T15:11,1.1,48,False,True
HD-00257,2025-04-23T08:03,Account Access,Low,T06,2025-04-23T11:11,3.14,48,False,False
HD-00256,2025-04-23T10:29,Account Access,Low,T07,2025-04-23T12:21,1.87,48,False,False
HD-00249,2025-04-23T11:15,Password Reset,High,T03,2025-04-23T12:06,0.85,8,False,True
HD-00269,2025-04-23T12:04,Hardware,Low,T01,2025-04-23T20:35,8.53,48,False,False
HD-00266,2025-04-23T14:36,Hardware,High,T06,2025-04-23T19:03,4.45,8,False,False
HD-00264,2025-04-24T10:24,Hardware,Medium,T02,2025-04-24T16:26,6.03,24,False,False
HD-00267,2025-04-24T10:27,Hardware,Medium,T05,2025-04-24T18:32,8.09,24,False,False
HD-00259,2025-04-24T12:02,Email & Calendar,Low,T04,2025-04-24T15:43,3.68,48,False,False
HD-00261,2025-04-24T12:07,Email & Calendar,Medium,T05,2025-04-24T16:01,3.9,24,False,False
HD-00254,2025-04-24T12:10,Account Access,Critical,T04,2025-04-24T13:34,1.41,4,False,False
HD-00253,2025-04-24T12:24,Password Reset,High,T07,2025-04-24T13:13,0.83,8,False,False
HD-00250,2025-04-24T12:48,Password Reset,Medium,T07,2025-04-24T13:42,0.91,24,False,False
HD-00260,2025-04-24T13:34,Email & Calendar,Medium,T04,2025-04-24T18:43,5.16,24,False,False
HD-00271,2025-04-24T13:57,Software Install,High,T02,2025-04-24T23:26,9.49,8,True,False
HD-00248,2025-04-25T08:34,Password Reset,Low,T02,2025-04-25T10:07,1.56,48,False,False
HD-00273,2025-04-25T10:36,Network & VPN,Critical,T03,2025-04-26T01:58,15.36,4,True,True
HD-00247,2025-04-25T12:11,Password Reset,Medium,T08,2025-04-25T12:34,0.37,24,False,False
HD-00246,2025-04-25T13:44,Password Reset,Medium,T04,2025-04-25T15:16,1.53,24,False,False
HD-00265,2025-04-25T13:53,Hardware,Medium,T03,2025-04-25T17:47,3.9,24,False,False
HD-00262,2025-04-25T14:01,Email & Calendar,High,T07,2025-04-25T17:49,3.81,8,False,False
HD-00251,2025-04-25T15:43,Password Reset,High,T02,2025-04-25T16:40,0.95,8,False,True
HD-00270,2025-04-25T16:25,Software Install,Low,T08,2025-04-26T02:16,9.85,48,False,False
HD-00307,2025-04-28T10:12,Software Install,High,T04,2025-04-28T17:47,7.59,8,False,False
HD-00312,2025-04-28T10:43,Network & VPN,Medium,T02,2025-04-29T03:46,17.04,24,False,False
HD-00287,2025-04-28T11:04,Email & Calendar,Low,T08,2025-04-28T13:01,1.95,48,False,False
HD-00276,2025-04-28T11:39,Password Reset,Low,T04,2025-04-28T12:28,0.83,48,False,False
HD-00308,2025-04-28T13:08,Network & VPN,Medium,T04,2025-04-29T10:07,20.98,24,False,False
HD-00290,2025-04-28T13:19,Email & Calendar,Medium,T02,2025-04-28T14:54,1.58,24,False,False
HD-00285,2025-04-28T14:11,Account Access,Medium,T08,2025-04-28T18:17,4.1,24,False,False
HD-00284,2025-04-29T09:49,Account Access,Low,T03,2025-04-29T11:02,1.22,48,False,True
HD-00288,2025-04-29T09:57,Email & Calendar,Medium,T08,2025-04-29T13:57,4.0,24,False,True
HD-00313,2025-04-29T10:15,Network & VPN,High,T08,2025-04-30T00:33,14.31,8,True,False
HD-00296,2025-04-29T10:37,Hardware,High,T02,2025-04-29T17:41,7.06,8,False,False
HD-00282,2025-04-29T16:01,Password Reset,Low,T01,2025-04-29T16:26,0.42,48,False,False
HD-00309,2025-04-29T16:18,Network & VPN,Low,T06,2025-04-30T00:39,8.34,48,False,False
HD-00293,2025-04-29T16:41,Email & Calendar,Medium,T03,2025-04-29T19:52,3.19,24,False,False
HD-00303,2025-04-30T10:05,Software Install,Medium,T01,2025-05-01T06:30,20.42,24,False,False
HD-00291,2025-04-30T10:10,Email & Calendar,Low,T04,2025-04-30T13:08,2.97,48,False,False
HD-00310,2025-04-30T10:39,Network & VPN,Medium,T07,2025-05-01T06:32,19.88,24,False,True
HD-00292,2025-04-30T11:14,Email & Calendar,Medium,T08,2025-04-30T12:16,1.04,24,False,False
HD-00298,2025-04-30T12:13,Hardware,High,T07,2025-04-30T19:03,6.84,8,False,False
HD-00305,2025-04-30T13:22,Software Install,Medium,T04,2025-04-30T19:55,6.56,24,False,False
HD-00295,2025-04-30T14:28,Hardware,High,T04,2025-04-30T17:27,2.98,8,False,False
HD-00294,2025-04-30T15:16,Email & Calendar,Low,T03,2025-04-30T20:49,5.54,48,False,False
HD-00302,2025-04-30T15:51,Software Install,Medium,T07,2025-04-30T22:05,6.24,24,False,False
HD-00283,2025-04-30T16:08,Password Reset,High,T08,2025-04-30T16:20,0.21,8,False,True
HD-00280,2025-04-30T16:33,Password Reset,Low,T02,2025-04-30T17:12,0.65,48,False,False
HD-00301,2025-05-01T09:07,Hardware,High,T05,2025-05-01T17:09,8.03,8,True,False
HD-00278,2025-05-01T10:09,Password Reset,Medium,T03,2025-05-01T11:01,0.86,24,False,False
HD-00299,2025-05-01T10:58,Hardware,Medium,T06,2025-05-01T16:48,5.82,24,False,False
HD-00297,2025-05-01T12:09,Hardware,High,T03,2025-05-01T16:41,4.53,8,False,False
HD-00311,2025-05-01T12:23,Network & VPN,High,T03,2025-05-02T03:26,15.04,8,True,False
HD-00304,2025-05-01T13:06,Software Install,Low,T04,2025-05-01T21:15,8.15,48,False,False
HD-00275,2025-05-01T15:01,Password Reset,Medium,T04,2025-05-01T15:32,0.51,24,False,False
HD-00279,2025-05-01T15:40,Password Reset,Medium,T08,2025-05-01T15:57,0.29,24,False,False
HD-00281,2025-05-02T10:30,Password Reset,Critical,T05,2025-05-02T11:08,0.63,4,False,False
HD-00306,2025-05-02T12:40,Software Install,Medium,T03,2025-05-02T22:33,9.89,24,False,False
HD-00277,2025-05-02T15:02,Password Reset,Low,T02,2025-05-02T15:43,0.68,48,False,False
HD-00289,2025-05-02T15:23,Email & Calendar,Low,T03,2025-05-02T19:58,4.59,48,False,False
HD-00286,2025-05-02T15:37,Account Access,Critical,T03,2025-05-02T19:54,4.29,4,True,False
HD-00300,2025-05-02T16:55,Hardware,Critical,T01,2025-05-02T21:21,4.43,4,True,False
HD-00333,2025-05-05T09:02,Email & Calendar,Medium,T04,2025-05-05T15:55,6.89,24,False,False
HD-00331,2025-05-05T10:54,Account Access,High,T02,2025-05-05T12:09,1.24,8,False,False
HD-00348,2025-05-05T11:28,Network & VPN,Critical,T07,2025-05-05T23:27,11.99,4,True,False
HD-00340,2025-05-05T12:43,Hardware,Medium,T02,2025-05-05T18:35,5.87,24,False,False
HD-00319,2025-05-05T12:44,Password Reset,Critical,T03,2025-05-05T13:05,0.35,4,False,False
HD-00346,2025-05-05T13:11,Network & VPN,Low,T03,2025-05-06T07:54,18.73,48,False,False
HD-00326,2025-05-05T14:04,Account Access,Low,T06,2025-05-05T20:10,6.1,48,False,False
HD-00344,2025-05-05T14:27,Software Install,High,T07,2025-05-05T21:34,7.13,8,False,False
HD-00314,2025-05-05T14:40,Password Reset,Low,T07,2025-05-05T15:37,0.96,48,False,False
HD-00334,2025-05-06T12:01,Hardware,Low,T03,2025-05-06T16:48,4.78,48,False,False
HD-00318,2025-05-06T13:42,Password Reset,High,T08,2025-05-06T13:58,0.27,8,False,False
HD-00324,2025-05-06T13:42,Account Access,High,T07,2025-05-06T16:52,3.16,8,False,False
HD-00337,2025-05-06T14:31,Hardware,High,T03,2025-05-06T18:12,3.68,8,False,False
HD-00342,2025-05-06T14:36,Software Install,Medium,T05,2025-05-07T12:16,21.66,24,False,False
HD-00339,2025-05-06T15:00,Hardware,Low,T07,2025-05-07T03:51,12.86,48,False,False
HD-00315,2025-05-06T15:49,Password Reset,Medium,T08,2025-05-06T16:39,0.83,24,False,False
HD-00336,2025-05-06T16:24,Hardware,Low,T05,2025-05-06T22:46,6.38,48,False,False
HD-00328,2025-05-07T08:07,Account Access,Critical,T01,2025-05-07T08:50,0.72,4,False,False
HD-00323,2025-05-07T09:05,Password Reset,Low,T07,2025-05-07T10:34,1.48,48,False,False
HD-00320,2025-05-07T10:48,Password Reset,High,T07,2025-05-07T11:30,0.69,8,False,False
HD-00349,2025-05-07T12:53,Network & VPN,High,T07,2025-05-08T00:10,11.28,8,True,False
HD-00341,2025-05-07T14:41,Software Install,High,T07,2025-05-07T22:44,8.06,8,True,False
HD-00325,2025-05-07T16:20,Account Access,Medium,T04,2025-05-07T19:50,3.51,24,False,False
HD-00327,2025-05-08T09:11,Account Access,Medium,T01,2025-05-08T10:37,1.42,24,False,False
HD-00329,2025-05-08T09:52,Account Access,Medium,T02,2025-05-08T11:20,1.47,24,False,True
HD-00317,2025-05-08T12:13,Password Reset,Medium,T01,2025-05-08T12:34,0.35,24,False,False
HD-00345,2025-05-08T12:21,Network & VPN,Medium,T06,2025-05-08T19:42,7.34,24,False,False
HD-00322,2025-05-08T14:19,Password Reset,High,T05,2025-05-08T15:01,0.69,8,False,False
HD-00338,2025-05-08T15:53,Hardware,Low,T05,2025-05-08T21:26,5.55,48,False,True
HD-00347,2025-05-08T16:20,Network & VPN,Medium,T04,2025-05-09T02:16,9.93,24,False,False
HD-00343,2025-05-09T09:56,Software Install,Low,T06,2025-05-09T21:01,11.08,48,False,False
HD-00321,2025-05-09T10:18,Password Reset,Critical,T02,2025-05-09T11:00,0.69,4,False,False
HD-00335,2025-05-09T11:20,Hardware,Medium,T06,2025-05-09T17:17,5.95,24,False,False
HD-00316,2025-05-09T12:27,Password Reset,Low,T02,2025-05-09T13:14,0.77,48,False,False
HD-00332,2025-05-09T14:03,Email & Calendar,Medium,T06,2025-05-09T16:08,2.09,24,False,False
HD-00330,2025-05-09T16:54,Account Access,Medium,T07,2025-05-09T19:15,2.35,24,False,False
HD-00368,2025-05-12T08:48,Email & Calendar,High,T05,2025-05-12T11:17,2.48,8,False,False
HD-00360,2025-05-12T10:17,Account Access,Critical,T01,2025-05-12T11:22,1.08,4,False,False
HD-00351,2025-05-12T10:40,Password Reset,Critical,T08,2025-05-12T10:54,0.23,4,False,False
HD-00353,2025-05-12T11:18,Password Reset,High,T05,2025-05-12T12:17,0.99,8,False,False
HD-00350,2025-05-12T13:39,Password Reset,High,T01,2025-05-12T14:06,0.44,8,False,False
HD-00366,2025-05-12T14:42,Email & Calendar,High,T06,2025-05-12T17:47,3.08,8,False,True
HD-00367,2025-05-12T14:57,Email & Calendar,Medium,T01,2025-05-12T19:09,4.21,24,False,True
HD-00384,2025-05-12T15:44,Network & VPN,High,T03,2025-05-13T04:11,12.45,8,True,False
HD-00373,2025-05-13T08:56,Email & Calendar,High,T02,2025-05-13T11:28,2.54,8,False,False
HD-00361,2025-05-13T11:38,Account Access,Medium,T07,2025-05-13T15:26,3.8,24,False,False
HD-00374,2025-05-13T12:12,Hardware,Low,T01,2025-05-13T19:15,7.06,48,False,False
HD-00356,2025-05-13T12:20,Password Reset,Medium,T01,2025-05-13T12:41,0.35,24,False,False
HD-00363,2025-05-13T14:08,Account Access,Low,T05,2025-05-13T16:02,1.9,48,False,False
HD-00379,2025-05-13T15:31,Hardware,Medium,T07,2025-05-14T02:59,11.48,24,False,False
HD-00383,2025-05-14T08:37,Software Install,Medium,T07,2025-05-14T14:05,5.47,24,False,False
HD-00358,2025-05-14T09:32,Password Reset,Medium,T04,2025-05-14T10:14,0.71,24,False,False
HD-00365,2025-05-14T09:42,Account Access,High,T01,2025-05-14T11:12,1.5,8,False,False
HD-00377,2025-05-14T10:42,Hardware,Medium,T05,2025-05-14T17:18,6.61,24,False,False
HD-00385,2025-05-14T11:11,Network & VPN,High,T02,2025-05-15T10:04,22.89,8,True,False
HD-00352,2025-05-14T14:19,Password Reset,Medium,T07,2025-05-14T15:00,0.67,24,False,False
HD-00362,2025-05-14T14:36,Account Access,Medium,T06,2025-05-14T17:54,3.3,24,False,False
HD-00381,2025-05-14T14:50,Software Install,Low,T02,2025-05-15T03:43,12.88,48,False,False
HD-00371,2025-05-14T16:28,Email & Calendar,Low,T04,2025-05-14T23:09,6.67,48,False,True
HD-00357,2025-05-14T16:56,Password Reset,High,T08,2025-05-14T17:19,0.37,8,False,False
HD-00378,2025-05-15T08:07,Hardware,Medium,T01,2025-05-15T20:28,12.35,24,False,False
HD-00359,2025-05-15T08:34,Password Reset,High,T04,2025-05-15T09:06,0.53,8,False,False
HD-00355,2025-05-15T10:10,Password Reset,Low,T03,2025-05-15T11:31,1.35,48,False,False
HD-00354,2025-05-15T10:28,Password Reset,Low,T07,2025-05-15T11:29,1.02,48,False,False
HD-00364,2025-05-15T10:35,Account Access,Critical,T08,2025-05-15T11:35,1.0,4,False,False
HD-00382,2025-05-15T12:02,Software Install,Low,T07,2025-05-15T17:17,5.25,48,False,False
HD-00370,2025-05-15T16:39,Email & Calendar,Medium,T02,2025-05-15T19:39,2.99,24,False,False
HD-00376,2025-05-15T16:50,Hardware,Critical,T02,2025-05-16T01:20,8.5,4,True,False
HD-00372,2025-05-16T10:37,Email & Calendar,Medium,T06,2025-05-16T14:37,4.01,24,False,True
HD-00375,2025-05-16T11:43,Hardware,Low,T06,2025-05-16T19:01,7.29,48,False,False
HD-00369,2025-05-16T12:26,Email & Calendar,Low,T01,2025-05-16T16:47,4.35,48,False,False
HD-00380,2025-05-16T16:04,Hardware,Low,T08,2025-05-17T00:21,8.28,48,False,False
HD-00414,2025-05-19T09:58,Software Install,High,T04,2025-05-19T12:25,2.45,8,False,False
HD-00392,2025-05-19T10:20,Password Reset,Medium,T03,2025-05-19T11:31,1.19,24,False,False
HD-00418,2025-05-19T13:55,Network & VPN,Medium,T03,2025-05-20T17:23,27.47,24,True,False
HD-00402,2025-05-19T14:21,Account Access,Medium,T08,2025-05-19T17:53,3.54,24,False,False
HD-00398,2025-05-20T08:19,Account Access,High,T06,2025-05-20T13:59,5.66,8,False,False
HD-00401,2025-05-20T08:34,Account Access,High,T03,2025-05-20T10:03,1.48,8,False,False
HD-00415,2025-05-20T09:35,Software Install,High,T03,2025-05-20T21:15,11.67,8,True,False
HD-00405,2025-05-20T09:37,Email & Calendar,Low,T08,2025-05-20T12:51,3.23,48,False,False
HD-00400,2025-05-20T11:34,Account Access,High,T05,2025-05-20T13:46,2.2,8,False,False
HD-00393,2025-05-20T11:59,Password Reset,Medium,T02,2025-05-20T12:49,0.83,24,False,False
HD-00391,2025-05-20T12:01,Password Reset,Medium,T04,2025-05-20T12:36,0.57,24,False,False
HD-00417,2025-05-20T12:08,Software Install,Medium,T05,2025-05-20T21:44,9.61,24,False,False
HD-00412,2025-05-20T12:40,Hardware,Medium,T02,2025-05-20T20:20,7.67,24,False,False
HD-00407,2025-05-20T13:40,Hardware,High,T08,2025-05-20T21:12,7.52,8,False,True
HD-00389,2025-05-20T15:05,Password Reset,High,T07,2025-05-20T15:52,0.79,8,False,False
HD-00409,2025-05-20T15:53,Hardware,Medium,T08,2025-05-21T01:48,9.92,24,False,False
HD-00419,2025-05-21T08:50,Network & VPN,Low,T02,2025-05-22T02:18,17.47,48,False,False
HD-00403,2025-05-21T10:33,Email & Calendar,Medium,T04,2025-05-21T13:30,2.94,24,False,False
HD-00399,2025-05-21T15:02,Account Access,Medium,T01,2025-05-21T16:23,1.36,24,False,False
HD-00420,2025-05-21T16:25,Network & VPN,Medium,T04,2025-05-22T02:30,10.09,24,False,False
HD-00421,2025-05-22T08:36,Network & VPN,Medium,T08,2025-05-22T20:43,12.13,24,False,False
HD-00422,2025-05-22T09:39,Network & VPN,Low,T08,2025-05-23T00:11,14.53,48,False,False
HD-00411,2025-05-22T09:45,Hardware,High,T01,2025-05-22T18:55,9.16,8,True,True
HD-00416,2025-05-22T13:02,Software Install,Low,T08,2025-05-23T15:56,26.91,48,False,False
HD-00404,2025-05-22T13:31,Email & Calendar,Low,T06,2025-05-22T17:24,3.88,48,False,False
HD-00410,2025-05-22T14:00,Hardware,Medium,T02,2025-05-22T23:05,9.09,24,False,False
HD-00406,2025-05-22T15:21,Email & Calendar,Medium,T05,2025-05-22T19:49,4.48,24,False,False
HD-00388,2025-05-22T15:48,Password Reset,High,T08,2025-05-22T16:05,0.28,8,False,False
HD-00390,2025-05-22T15:50,Password Reset,High,T02,2025-05-22T16:17,0.45,8,False,False
HD-00387,2025-05-22T16:25,Password Reset,Medium,T05,2025-05-22T17:35,1.17,24,False,False
HD-00424,2025-05-23T12:39,Network & VPN,Medium,T02,2025-05-24T04:32,15.88,24,False,True
HD-00394,2025-05-23T12:57,Password Reset,High,T05,2025-05-23T13:35,0.64,8,False,False
HD-00395,2025-05-23T13:06,Account Access,Medium,T07,2025-05-23T15:30,2.4,24,False,False
HD-00386,2025-05-23T14:15,Password Reset,High,T07,2025-05-23T14:54,0.65,8,False,False
HD-00397,2025-05-23T14:50,Account Access,High,T02,2025-05-23T15:50,1.01,8,False,False
HD-00396,2025-05-23T15:55,Account Access,High,T08,2025-05-23T18:20,2.41,8,False,False
HD-00413,2025-05-23T15:57,Hardware,Medium,T08,2025-05-23T23:10,7.22,24,False,False
HD-00423,2025-05-23T16:25,Network & VPN,Low,T05,2025-05-23T23:30,7.09,48,False,False
HD-00408,2025-05-23T16:29,Hardware,Medium,T06,2025-05-23T22:47,6.3,24,False,True
HD-00426,2025-05-26T08:01,Password Reset,Low,T02,2025-05-26T08:46,0.76,48,False,False
HD-00445,2025-05-26T08:09,Network & VPN,High,T06,2025-05-26T16:31,8.37,8,True,False
HD-00443,2025-05-26T09:27,Software Install,High,T04,2025-05-26T12:43,3.27,8,False,False
HD-00429,2025-05-26T11:19,Password Reset,Medium,T03,2025-05-26T12:33,1.22,24,False,False
HD-00442,2025-05-26T11:47,Software Install,Medium,T07,2025-05-26T17:02,5.25,24,False,False
HD-00446,2025-05-26T13:53,Network & VPN,Medium,T02,2025-05-27T05:30,15.62,24,False,False
HD-00444,2025-05-27T08:02,Software Install,Critical,T01,2025-05-27T19:57,11.93,4,True,False
HD-00438,2025-05-27T12:00,Hardware,Low,T06,2025-05-27T23:10,11.17,48,False,False
HD-00437,2025-05-27T12:46,Hardware,Low,T02,2025-05-27T18:51,6.08,48,False,False
HD-00425,2025-05-27T16:58,Password Reset,Medium,T02,2025-05-27T18:07,1.14,24,False,False
HD-00428,2025-05-28T08:14,Password Reset,High,T08,2025-05-28T08:26,0.2,8,False,False
HD-00430,2025-05-28T08:20,Password Reset,High,T01,2025-05-28T08:47,0.45,8,False,False
HD-00439,2025-05-28T15:49,Hardware,Medium,T04,2025-05-28T23:33,7.74,24,False,False
HD-00432,2025-05-28T15:57,Account Access,Critical,T02,2025-05-28T16:56,0.98,4,False,False
HD-00433,2025-05-29T12:43,Account Access,Medium,T02,2025-05-29T14:00,1.28,24,False,False
HD-00427,2025-05-29T12:56,Password Reset,Medium,T04,2025-05-29T13:54,0.98,24,False,False
HD-00431,2025-05-29T15:36,Password Reset,Medium,T05,2025-05-29T16:35,0.98,24,False,False
HD-00435,2025-05-30T10:47,Email & Calendar,Medium,T03,2025-05-30T13:05,2.3,24,False,True
HD-00434,2025-05-30T11:04,Account Access,Medium,T08,2025-05-30T12:43,1.65,24,False,False
HD-00441,2025-05-30T11:20,Software Install,Medium,T08,2025-05-31T02:52,15.52,24,False,False
HD-00440,2025-05-30T12:57,Hardware,Medium,T08,2025-05-30T22:35,9.63,24,False,True
HD-00436,2025-05-30T14:03,Email & Calendar,Medium,T06,2025-05-30T21:21,7.3,24,False,False
HD-00448,2025-06-02T08:30,Password Reset,Low,T04,2025-06-02T09:12,0.69,48,False,False
HD-00453,2025-06-02T08:55,Password Reset,Medium,T02,2025-06-02T09:38,0.71,24,False,False
HD-00463,2025-06-02T09:47,Account Access,Low,T05,2025-06-02T11:43,1.93,48,False,False
HD-00470,2025-06-02T11:34,Email & Calendar,Low,T06,2025-06-02T15:33,3.97,48,False,True
HD-00476,2025-06-02T12:49,Hardware,Low,T04,2025-06-02T15:07,2.29,48,False,False
HD-00464,2025-06-02T13:01,Account Access,Medium,T03,2025-06-02T15:33,2.52,24,False,False
HD-00483,2025-06-02T14:20,Network & VPN,Medium,T06,2025-06-02T23:45,9.41,24,False,True
HD-00472,2025-06-02T15:26,Email & Calendar,High,T08,2025-06-02T17:34,2.12,8,False,False
HD-00467,2025-06-02T15:31,Email & Calendar,Medium,T08,2025-06-02T18:31,3.0,24,False,False
HD-00465,2025-06-02T15:54,Account Access,Low,T03,2025-06-03T00:07,8.21,48,False,False
HD-00457,2025-06-02T16:59,Password Reset,Low,T08,2025-06-02T17:24,0.42,48,False,False
HD-00449,2025-06-03T08:53,Password Reset,Low,T07,2025-06-03T09:28,0.58,48,False,False
HD-00462,2025-06-03T11:49,Password Reset,Low,T01,2025-06-03T12:23,0.57,48,False,False
HD-00456,2025-06-03T12:47,Password Reset,Low,T01,2025-06-03T13:26,0.65,48,False,False
HD-00485,2025-06-03T14:28,Network & VPN,High,T07,2025-06-04T03:06,12.64,8,True,False
HD-00455,2025-06-03T15:14,Password Reset,Medium,T06,2025-06-03T15:50,0.6,24,False,False
HD-00466,2025-06-03T15:18,Account Access,Low,T06,2025-06-03T16:52,1.57,48,False,False
HD-00479,2025-06-03T15:19,Software Install,Low,T04,2025-06-03T19:03,3.72,48,False,False
HD-00450,2025-06-03T15:23,Password Reset,High,T04,2025-06-03T16:33,1.17,8,False,False
HD-00460,2025-06-03T15:44,Password Reset,Low,T08,2025-06-03T15:59,0.26,48,False,False
HD-00469,2025-06-04T08:51,Email & Calendar,High,T07,2025-06-04T11:45,2.89,8,False,False
HD-00451,2025-06-04T09:21,Password Reset,Medium,T01,2025-06-04T09:37,0.27,24,False,False
HD-00481,2025-06-04T09:39,Software Install,Medium,T08,2025-06-04T21:48,12.15,24,False,False
HD-00452,2025-06-04T11:34,Password Reset,Medium,T05,2025-06-04T12:29,0.93,24,False,False
HD-00480,2025-06-04T12:17,Software Install,Low,T01,2025-06-05T01:36,13.32,48,False,True
HD-00459,2025-06-04T13:14,Password Reset,Medium,T05,2025-06-04T14:29,1.26,24,False,False
HD-00484,2025-06-04T13:39,Network & VPN,Medium,T05,2025-06-05T00:05,10.44,24,False,False
HD-00478,2025-06-04T16:03,Software Install,Medium,T03,2025-06-05T00:41,8.64,24,False,False
HD-00454,2025-06-04T16:34,Password Reset,Medium,T06,2025-06-04T17:24,0.83,24,False,False
HD-00468,2025-06-04T16:57,Email & Calendar,Medium,T04,2025-06-04T21:58,5.02,24,False,False
HD-00475,2025-06-05T08:03,Hardware,Low,T07,2025-06-05T16:20,8.28,48,False,False
HD-00477,2025-06-05T14:38,Hardware,Medium,T01,2025-06-06T00:29,9.85,24,False,False
HD-00447,2025-06-05T14:48,Password Reset,Medium,T01,2025-06-05T15:18,0.49,24,False,False
HD-00458,2025-06-06T11:24,Password Reset,High,T04,2025-06-06T12:33,1.15,8,False,False
HD-00471,2025-06-06T11:57,Email & Calendar,High,T01,2025-06-06T15:33,3.6,8,False,False
HD-00461,2025-06-06T13:27,Password Reset,Low,T03,2025-06-06T14:44,1.28,48,False,False
HD-00473,2025-06-06T14:55,Hardware,Medium,T03,2025-06-06T19:23,4.46,24,False,False
HD-00482,2025-06-06T16:14,Software Install,Low,T02,2025-06-07T03:53,11.65,48,False,False
HD-00474,2025-06-06T16:22,Hardware,Medium,T01,2025-06-07T02:19,9.94,24,False,False
HD-00505,2025-06-09T08:18,Email & Calendar,Low,T08,2025-06-09T10:43,2.41,48,False,False
HD-00490,2025-06-09T08:58,Password Reset,Medium,T07,2025-06-09T09:51,0.87,24,False,False
HD-00502,2025-06-09T10:23,Email & Calendar,Low,T05,2025-06-09T14:54,4.51,48,False,False
HD-00504,2025-06-09T10:31,Email & Calendar,Critical,T05,2025-06-09T14:16,3.76,4,False,False
HD-00515,2025-06-09T11:21,Software Install,Low,T08,2025-06-09T21:54,10.55,48,False,False
HD-00523,2025-06-09T16:39,Network & VPN,Medium,T06,2025-06-10T00:40,8.03,24,False,False
HD-00508,2025-06-10T08:46,Email & Calendar,High,T04,2025-06-10T15:34,6.8,8,False,False
HD-00514,2025-06-10T12:31,Hardware,Medium,T04,2025-06-10T15:43,3.2,24,False,False
HD-00506,2025-06-10T13:07,Email & Calendar,High,T02,2025-06-10T14:12,1.08,8,False,False
HD-00516,2025-06-10T13:50,Software Install,Medium,T07,2025-06-10T18:46,4.94,24,False,False
HD-00486,2025-06-10T14:31,Password Reset,Low,T06,2025-06-10T15:30,0.98,48,False,False
HD-00500,2025-06-10T16:11,Account Access,Medium,T06,2025-06-10T19:09,2.96,24,False,False
HD-00520,2025-06-11T08:22,Network & VPN,Medium,T07,2025-06-12T03:14,18.86,24,False,False
HD-00507,2025-06-11T11:39,Email & Calendar,Low,T01,2025-06-11T14:26,2.77,48,False,False
HD-00489,2025-06-11T11:54,Password Reset,Low,T02,2025-06-11T12:28,0.57,48,False,False
HD-00495,2025-06-11T12:58,Password Reset,Medium,T02,2025-06-11T14:11,1.22,24,False,False
HD-00503,2025-06-11T13:40,Email & Calendar,Medium,T01,2025-06-11T16:21,2.68,24,False,False
HD-00492,2025-06-11T14:03,Password Reset,Critical,T05,2025-06-11T14:35,0.54,4,False,False
HD-00512,2025-06-11T15:37,Hardware,Low,T07,2025-06-12T03:00,11.38,48,False,False
HD-00510,2025-06-11T16:10,Hardware,Low,T03,2025-06-11T17:39,1.48,48,False,False
HD-00519,2025-06-11T16:41,Network & VPN,High,T01,2025-06-12T08:43,16.04,8,True,False
HD-00496,2025-06-11T16:44,Password Reset,Low,T06,2025-06-11T17:50,1.1,48,False,False
HD-00488,2025-06-12T12:14,Password Reset,Medium,T04,2025-06-12T13:28,1.24,24,False,False
HD-00497,2025-06-12T12:24,Account Access,Medium,T02,2025-06-12T13:40,1.26,24,False,False
HD-00521,2025-06-12T14:30,Network & VPN,Low,T08,2025-06-13T13:20,22.84,48,False,False
HD-00517,2025-06-12T16:12,Network & VPN,High,T02,2025-06-13T05:28,13.26,8,True,False
HD-00498,2025-06-12T16:47,Account Access,Medium,T04,2025-06-12T20:36,3.81,24,False,False
HD-00501,2025-06-13T08:03,Account Access,Low,T08,2025-06-13T10:16,2.22,48,False,False
HD-00522,2025-06-13T09:11,Network & VPN,Medium,T01,2025-06-14T04:13,19.04,24,False,False
HD-00513,2025-06-13T10:01,Hardware,Low,T07,2025-06-13T19:57,9.93,48,False,False
HD-00511,2025-06-13T10:58,Hardware,High,T03,2025-06-13T13:01,2.05,8,False,False
HD-00493,2025-06-13T11:52,Password Reset,Low,T07,2025-06-13T12:39,0.78,48,False,False
HD-00518,2025-06-13T11:55,Network & VPN,High,T07,2025-06-13T23:45,11.84,8,True,False
HD-00494,2025-06-13T13:27,Password Reset,Low,T08,2025-06-13T13:41,0.22,48,False,False
HD-00509,2025-06-13T13:35,Email & Calendar,Medium,T05,2025-06-13T16:50,3.25,24,False,False
HD-00491,2025-06-13T14:27,Password Reset,Low,T07,2025-06-13T15:18,0.85,48,False,False
HD-00499,2025-06-13T14:45,Account Access,High,T07,2025-06-13T19:16,4.51,8,False,False
HD-00487,2025-06-13T16:34,Password Reset,Medium,T01,2025-06-13T16:59,0.42,24,False,False
HD-00544,2025-06-16T09:38,Email & Calendar,Low,T06,2025-06-16T11:50,2.2,48,False,False
HD-00540,2025-06-16T11:17,Email & Calendar,Critical,T06,2025-06-16T15:14,3.95,4,False,False
HD-00524,2025-06-16T12:35,Password Reset,Medium,T02,2025-06-16T13:32,0.96,24,False,False
HD-00553,2025-06-16T12:49,Hardware,High,T06,2025-06-16T18:21,5.54,8,False,True
HD-00561,2025-06-16T13:29,Software Install,Medium,T05,2025-06-16T20:18,6.82,24,False,False
HD-00547,2025-06-16T15:05,Hardware,High,T04,2025-06-16T18:36,3.52,8,False,False
HD-00539,2025-06-16T15:23,Email & Calendar,Low,T06,2025-06-16T18:59,3.61,48,False,False
HD-00546,2025-06-16T16:42,Hardware,Medium,T06,2025-06-17T01:03,8.34,24,False,True
HD-00545,2025-06-16T16:52,Hardware,Critical,T07,2025-06-16T23:04,6.19,4,True,False
HD-00536,2025-06-17T08:49,Account Access,Medium,T02,2025-06-17T10:46,1.95,24,False,False
HD-00558,2025-06-17T11:14,Software Install,High,T06,2025-06-17T16:53,5.64,8,False,False
HD-00559,2025-06-17T11:23,Software Install,Low,T06,2025-06-17T15:21,3.98,48,False,False
HD-00535,2025-06-17T11:32,Account Access,Low,T01,2025-06-17T12:46,1.23,48,False,False
HD-00538,2025-06-17T13:06,Email & Calendar,Medium,T08,2025-06-17T14:30,1.4,24,False,False
HD-00526,2025-06-17T13:45,Password Reset,Medium,T01,2025-06-17T14:18,0.55,24,False,False
HD-00532,2025-06-17T15:23,Account Access,Medium,T03,2025-06-17T17:34,2.19,24,False,False
HD-00529,2025-06-17T16:10,Account Access,High,T04,2025-06-17T20:34,4.4,8,False,False
HD-00530,2025-06-18T09:47,Account Access,Medium,T06,2025-06-18T11:43,1.94,24,False,True
HD-00527,2025-06-18T12:15,Password Reset,Low,T02,2025-06-18T13:03,0.79,48,False,False
HD-00551,2025-06-18T13:47,Hardware,Medium,T01,2025-06-18T21:43,7.93,24,False,False
HD-00556,2025-06-18T14:27,Software Install,Low,T07,2025-06-18T20:47,6.33,48,False,False
HD-00531,2025-06-18T14:36,Account Access,Medium,T07,2025-06-18T16:15,1.65,24,False,False
HD-00541,2025-06-18T14:48,Email & Calendar,Critical,T05,2025-06-18T16:57,2.16,4,False,False
HD-00562,2025-06-18T15:29,Network & VPN,Low,T05,2025-06-19T00:57,9.46,48,False,False
HD-00554,2025-06-18T15:55,Hardware,Critical,T08,2025-06-18T22:10,6.25,4,True,False
HD-00533,2025-06-19T09:11,Account Access,Medium,T05,2025-06-19T13:08,3.95,24,False,False
HD-00550,2025-06-19T09:18,Hardware,Critical,T06,2025-06-19T12:14,2.93,4,False,False
HD-00549,2025-06-19T09:38,Hardware,High,T07,2025-06-19T16:40,7.04,8,False,False
HD-00557,2025-06-19T10:27,Software Install,Medium,T08,2025-06-19T21:22,10.93,24,False,False
HD-00543,2025-06-19T14:06,Email & Calendar,High,T06,2025-06-19T16:42,2.59,8,False,False
HD-00555,2025-06-19T14:54,Software Install,Medium,T05,2025-06-20T03:08,12.24,24,False,False
HD-00563,2025-06-19T14:56,Network & VPN,Low,T05,2025-06-19T21:29,6.55,48,False,False
HD-00548,2025-06-20T08:51,Hardware,Low,T05,2025-06-20T17:04,8.23,48,False,False
HD-00537,2025-06-20T10:47,Account Access,Low,T06,2025-06-20T15:32,4.75,48,False,False
HD-00565,2025-06-20T11:05,Network & VPN,Medium,T01,2025-06-21T02:40,15.58,24,False,True
HD-00534,2025-06-20T12:02,Account Access,Critical,T03,2025-06-20T13:27,1.43,4,False,False
HD-00528,2025-06-20T12:21,Account Access,Medium,T01,2025-06-20T13:49,1.47,24,False,False
HD-00564,2025-06-20T12:46,Network & VPN,Low,T01,2025-06-21T01:45,12.99,48,False,False
HD-00525,2025-06-20T13:39,Password Reset,High,T08,2025-06-20T14:05,0.44,8,False,False
HD-00560,2025-06-20T14:53,Software Install,Low,T08,2025-06-21T07:17,16.41,48,False,False
HD-00542,2025-06-20T15:09,Email & Calendar,Low,T02,2025-06-20T17:53,2.74,48,False,False
HD-00552,2025-06-20T15:17,Hardware,Low,T01,2025-06-21T01:41,10.41,48,False,True
HD-00571,2025-06-23T08:13,Password Reset,Medium,T03,2025-06-23T09:25,1.19,24,False,False
HD-00584,2025-06-23T11:28,Email & Calendar,Low,T07,2025-06-23T14:46,3.3,48,False,False
HD-00580,2025-06-23T11:31,Account Access,Low,T04,2025-06-23T13:01,1.51,48,False,False
HD-00599,2025-06-23T12:39,Software Install,Medium,T07,2025-06-24T01:07,12.47,24,False,False
HD-00596,2025-06-23T16:45,Software Install,High,T06,2025-06-23T19:59,3.23,8,False,False
HD-00590,2025-06-24T08:44,Email & Calendar,High,T03,2025-06-24T12:59,4.25,8,False,False
HD-00598,2025-06-24T10:36,Software Install,Medium,T01,2025-06-24T20:46,10.17,24,False,False
HD-00568,2025-06-24T10:42,Password Reset,Critical,T07,2025-06-24T11:18,0.6,4,False,False
HD-00582,2025-06-24T11:41,Account Access,High,T05,2025-06-24T14:06,2.42,8,False,False
HD-00593,2025-06-24T11:57,Hardware,Medium,T03,2025-06-24T17:36,5.65,24,False,False
HD-00577,2025-06-24T13:31,Password Reset,Critical,T01,2025-06-24T13:48,0.29,4,False,False
HD-00595,2025-06-24T14:23,Hardware,High,T04,2025-06-24T17:54,3.53,8,False,False
HD-00588,2025-06-24T16:39,Email & Calendar,Low,T07,2025-06-24T22:33,5.89,48,False,False
HD-00578,2025-06-24T16:47,Password Reset,Medium,T04,2025-06-24T17:32,0.75,24,False,False
HD-00581,2025-06-25T08:34,Account Access,Medium,T07,2025-06-25T10:33,1.99,24,False,False
HD-00589,2025-06-25T08:41,Email & Calendar,Medium,T07,2025-06-25T12:09,3.47,24,False,False
HD-00566,2025-06-25T09:14,Password Reset,Critical,T02,2025-06-25T09:49,0.59,4,False,False
HD-00576,2025-06-25T09:31,Password Reset,High,T03,2025-06-25T10:06,0.59,8,False,False
HD-00583,2025-06-25T09:38,Email & Calendar,Medium,T08,2025-06-25T11:56,2.3,24,False,False
HD-00592,2025-06-25T09:46,Hardware,Medium,T08,2025-06-25T16:57,7.17,24,False,False
HD-00570,2025-06-25T10:26,Password Reset,Low,T05,2025-06-25T11:48,1.36,48,False,False
HD-00594,2025-06-25T11:27,Hardware,Low,T04,2025-06-25T22:18,10.84,48,False,False
HD-00575,2025-06-25T15:28,Password Reset,Low,T04,2025-06-25T16:42,1.24,48,False,False
HD-00579,2025-06-25T16:57,Account Access,Medium,T08,2025-06-25T19:25,2.47,24,False,False
HD-00585,2025-06-26T09:14,Email & Calendar,High,T03,2025-06-26T10:48,1.57,8,False,False
HD-00574,2025-06-26T10:19,Password Reset,High,T04,2025-06-26T10:42,0.38,8,False,False
HD-00573,2025-06-26T10:27,Password Reset,High,T04,2025-06-26T11:05,0.63,8,False,False
HD-00602,2025-06-26T10:48,Network & VPN,Medium,T04,2025-06-27T08:59,22.19,24,False,False
HD-00591,2025-06-26T10:58,Email & Calendar,Low,T02,2025-06-26T12:51,1.88,48,False,False
HD-00600,2025-06-26T11:07,Software Install,Critical,T08,2025-06-26T23:12,12.08,4,True,False
HD-00587,2025-06-26T14:48,Email & Calendar,Medium,T08,2025-06-26T16:15,1.45,24,False,False
HD-00597,2025-06-27T08:44,Software Install,Medium,T07,2025-06-27T12:48,4.07,24,False,False
HD-00601,2025-06-27T09:08,Network & VPN,Low,T04,2025-06-27T21:53,12.75,48,False,False
HD-00569,2025-06-27T09:27,Password Reset,Medium,T05,2025-06-27T10:10,0.73,24,False,False
HD-00572,2025-06-27T10:14,Password Reset,High,T03,2025-06-27T11:07,0.87,8,False,False
HD-00567,2025-06-27T10:57,Password Reset,Low,T02,2025-06-27T11:22,0.41,48,False,True
HD-00586,2025-06-27T13:56,Email & Calendar,Critical,T04,2025-06-27T16:04,2.13,4,False,False
HD-00613,2025-06-30T08:32,Account Access,Low,T08,2025-06-30T10:52,2.33,48,False,False
HD-00605,2025-06-30T08:45,Password Reset,Critical,T07,2025-06-30T10:00,1.25,4,False,False
HD-00625,2025-06-30T09:28,Software Install,Low,T03,2025-06-30T21:06,11.63,48,False,False
HD-00622,2025-06-30T12:54,Hardware,Critical,T03,2025-06-30T15:24,2.51,4,False,False
HD-00608,2025-06-30T13:26,Account Access,Medium,T04,2025-06-30T17:21,3.92,24,False,False
HD-00611,2025-06-30T15:57,Account Access,Medium,T03,2025-06-30T18:21,2.4,24,False,False
HD-00607,2025-07-02T08:07,Account Access,Medium,T08,2025-07-02T11:06,2.98,24,False,False
HD-00604,2025-07-02T08:47,Password Reset,Medium,T06,2025-07-02T09:25,0.63,24,False,False
HD-00603,2025-07-02T08:53,Password Reset,High,T01,2025-07-02T09:19,0.43,8,False,False
HD-00616,2025-07-02T09:00,Email & Calendar,High,T04,2025-07-02T11:53,2.88,8,False,True
HD-00609,2025-07-02T10:08,Account Access,Medium,T02,2025-07-02T11:44,1.6,24,False,False
HD-00617,2025-07-02T10:17,Email & Calendar,Low,T03,2025-07-02T12:01,1.72,48,False,False
HD-00626,2025-07-02T12:28,Software Install,Medium,T07,2025-07-02T17:02,4.56,24,False,False
HD-00623,2025-07-02T16:29,Hardware,Low,T05,2025-07-03T00:52,8.39,48,False,True
HD-00628,2025-07-03T08:50,Network & VPN,Medium,T07,2025-07-04T11:07,26.27,24,True,False
HD-00606,2025-07-03T10:29,Password Reset,Medium,T06,2025-07-03T11:14,0.75,24,False,False
HD-00619,2025-07-03T11:05,Hardware,High,T02,2025-07-03T16:39,5.56,8,False,False
HD-00618,2025-07-03T14:19,Email & Calendar,Medium,T02,2025-07-03T15:40,1.36,24,False,False
HD-00614,2025-07-03T15:53,Email & Calendar,High,T04,2025-07-03T18:10,2.28,8,False,False
HD-00624,2025-07-04T09:04,Hardware,Medium,T05,2025-07-04T12:02,2.97,24,False,False
HD-00615,2025-07-04T10:37,Email & Calendar,Medium,T02,2025-07-04T13:16,2.64,24,False,False
HD-00621,2025-07-04T11:30,Hardware,Low,T06,2025-07-04T16:16,4.77,48,False,False
HD-00627,2025-07-04T13:26,Network & VPN,Low,T01,2025-07-05T02:38,13.19,48,False,False
HD-00620,2025-07-04T13:50,Hardware,High,T03,2025-07-04T15:01,1.18,8,False,False
HD-00612,2025-07-04T14:08,Account Access,Medium,T02,2025-07-04T15:33,1.42,24,False,False
HD-00610,2025-07-04T14:16,Account Access,High,T05,2025-07-04T16:59,2.72,8,False,False
HD-00650,2025-07-07T09:58,Hardware,High,T01,2025-07-07T18:13,8.24,8,True,False
HD-00644,2025-07-07T10:14,Email & Calendar,Low,T03,2025-07-07T13:20,3.11,48,False,False
HD-00647,2025-07-07T10:59,Hardware,Medium,T08,2025-07-07T17:59,7.01,24,False,False
HD-00651,2025-07-07T13:29,Hardware,High,T07,2025-07-08T05:52,16.38,8,True,False
HD-00640,2025-07-07T13:48,Email & Calendar,Low,T06,2025-07-07T19:05,5.28,48,False,True
HD-00658,2025-07-07T16:24,Network & VPN,Medium,T08,2025-07-09T10:28,42.06,24,True,False
HD-00636,2025-07-07T16:51,Account Access,Low,T06,2025-07-07T18:38,1.79,48,False,False
HD-00631,2025-07-07T16:53,Password Reset,Medium,T05,2025-07-07T17:31,0.64,24,False,False
HD-00655,2025-07-08T09:20,Software Install,Low,T02,2025-07-09T03:29,18.15,48,False,True
HD-00657,2025-07-08T10:53,Network & VPN,Medium,T06,2025-07-08T19:12,8.31,24,False,False
HD-00638,2025-07-08T11:09,Email & Calendar,Low,T04,2025-07-08T16:13,5.06,48,False,False
HD-00643,2025-07-08T13:11,Email & Calendar,High,T03,2025-07-08T17:35,4.41,8,False,False
HD-00641,2025-07-08T15:16,Email & Calendar,Low,T08,2025-07-08T16:48,1.52,48,False,False
HD-00633,2025-07-09T08:05,Password Reset,Medium,T01,2025-07-09T08:31,0.43,24,False,False
HD-00629,2025-07-09T08:46,Password Reset,High,T02,2025-07-09T09:24,0.62,8,False,False
HD-00648,2025-07-09T09:22,Hardware,Low,T06,2025-07-09T15:09,5.78,48,False,False
HD-00649,2025-07-09T10:06,Hardware,Low,T07,2025-07-09T14:58,4.87,48,False,False
HD-00654,2025-07-09T12:07,Software Install,Medium,T05,2025-07-09T20:03,7.93,24,False,False
HD-00642,2025-07-09T13:09,Email & Calendar,Critical,T07,2025-07-09T18:18,5.15,4,True,True
HD-00639,2025-07-09T14:32,Email & Calendar,High,T03,2025-07-09T17:30,2.96,8,False,False
HD-00630,2025-07-09T15:16,Password Reset,Medium,T05,2025-07-09T16:11,0.91,24,False,False
HD-00637,2025-07-10T08:07,Account Access,High,T01,2025-07-10T09:47,1.66,8,False,False
HD-00634,2025-07-10T08:08,Password Reset,High,T06,2025-07-10T08:51,0.72,8,False,False
HD-00659,2025-07-10T12:01,Network & VPN,Medium,T03,2025-07-11T00:10,12.14,24,False,False
HD-00645,2025-07-10T16:02,Email & Calendar,Critical,T05,2025-07-10T18:20,2.29,4,False,False
HD-00632,2025-07-11T08:34,Password Reset,High,T01,2025-07-11T08:56,0.37,8,False,False
HD-00646,2025-07-11T09:22,Email & Calendar,Medium,T06,2025-07-11T12:25,3.05,24,False,False
HD-00656,2025-07-11T09:26,Network & VPN,Medium,T01,2025-07-11T21:40,12.23,24,False,False
HD-00635,2025-07-11T10:23,Account Access,Medium,T04,2025-07-11T12:30,2.12,24,False,False
HD-00653,2025-07-11T11:59,Software Install,Low,T05,2025-07-11T17:00,5.02,48,False,False
HD-00652,2025-07-11T14:56,Software Install,Medium,T02,2025-07-12T04:09,13.21,24,False,False
HD-00678,2025-07-14T08:37,Hardware,Low,T04,2025-07-14T16:14,7.61,48,False,False
HD-00681,2025-07-14T11:29,Software Install,Medium,T03,2025-07-15T12:43,25.23,24,True,True
HD-00677,2025-07-14T12:20,Hardware,High,T02,2025-07-14T17:24,5.07,8,False,False
HD-00687,2025-07-14T12:24,Network & VPN,Low,T08,2025-07-14T22:06,9.7,48,False,False
HD-00676,2025-07-15T09:48,Hardware,Medium,T04,2025-07-15T18:39,8.85,24,False,False
HD-00675,2025-07-15T09:48,Email & Calendar,Low,T03,2025-07-15T15:24,5.59,48,False,False
HD-00679,2025-07-15T11:15,Software Install,Medium,T01,2025-07-15T20:07,8.86,24,False,False
HD-00668,2025-07-15T12:50,Account Access,Medium,T04,2025-07-15T19:05,6.25,24,False,False
HD-00667,2025-07-15T15:06,Account Access,Low,T05,2025-07-15T17:25,2.31,48,False,False
HD-00669,2025-07-15T16:59,Account Access,Medium,T06,2025-07-15T19:34,2.59,24,False,False
HD-00670,2025-07-16T10:24,Account Access,Low,T01,2025-07-16T12:12,1.8,48,False,False
HD-00662,2025-07-16T10:34,Password Reset,High,T03,2025-07-16T11:23,0.81,8,False,False
HD-00688,2025-07-16T11:23,Network & VPN,High,T04,2025-07-17T00:46,13.39,8,True,False
HD-00663,2025-07-16T11:45,Password Reset,Medium,T06,2025-07-16T12:16,0.52,24,False,False
HD-00666,2025-07-16T12:50,Account Access,Medium,T05,2025-07-16T15:29,2.65,24,False,True
HD-00673,2025-07-16T13:12,Email & Calendar,Medium,T01,2025-07-16T18:38,5.42,24,False,False
HD-00683,2025-07-16T15:34,Software Install,Critical,T07,2025-07-16T19:06,3.54,4,False,True
HD-00674,2025-07-16T16:00,Email & Calendar,High,T06,2025-07-16T18:01,2.01,8,False,False
HD-00684,2025-07-16T16:05,Software Install,Low,T06,2025-07-16T18:57,2.87,48,False,True
HD-00682,2025-07-17T08:17,Software Install,Low,T08,2025-07-18T06:44,22.44,48,False,False
HD-00672,2025-07-17T08:33,Email & Calendar,Low,T03,2025-07-17T11:26,2.88,48,False,False
HD-00685,2025-07-17T10:10,Network & VPN,Medium,T04,2025-07-18T06:32,20.37,24,False,False
HD-00671,2025-07-17T13:09,Email & Calendar,Low,T03,2025-07-17T15:03,1.91,48,False,False
HD-00660,2025-07-17T13:24,Password Reset,Low,T03,2025-07-17T14:31,1.12,48,False,False
HD-00664,2025-07-17T16:09,Password Reset,Low,T01,2025-07-17T16:34,0.43,48,False,False
HD-00686,2025-07-18T08:02,Network & VPN,Medium,T04,2025-07-19T01:58,17.94,24,False,True
HD-00661,2025-07-18T08:58,Password Reset,Medium,T06,2025-07-18T09:34,0.6,24,False,True
HD-00665,2025-07-18T12:36,Password Reset,Low,T04,2025-07-18T13:35,0.98,48,False,False
HD-00680,2025-07-18T14:14,Software Install,High,T05,2025-07-19T04:07,13.89,8,True,False
HD-00704,2025-07-21T08:01,Account Access,Critical,T07,2025-07-21T10:30,2.48,4,False,False
HD-00692,2025-07-21T09:09,Password Reset,High,T04,2025-07-21T10:35,1.43,8,False,False
HD-00695,2025-07-21T09:17,Password Reset,Medium,T02,2025-07-21T10:41,1.4,24,False,False
HD-00689,2025-07-21T11:13,Password Reset,High,T02,2025-07-21T12:08,0.92,8,False,False
HD-00694,2025-07-21T12:44,Password Reset,High,T02,2025-07-21T13:32,0.79,8,False,False
HD-00713,2025-07-21T12:55,Network & VPN,Low,T03,2025-07-22T02:20,13.41,48,False,False
HD-00697,2025-07-21T14:08,Password Reset,Medium,T07,2025-07-21T15:11,1.04,24,False,False
HD-00691,2025-07-21T16:03,Password Reset,Low,T06,2025-07-21T16:45,0.69,48,False,False
HD-00706,2025-07-22T10:16,Email & Calendar,High,T07,2025-07-22T14:42,4.43,8,False,False
HD-00707,2025-07-22T11:52,Hardware,Medium,T01,2025-07-22T19:28,7.6,24,False,False
HD-00712,2025-07-22T12:47,Network & VPN,Medium,T05,2025-07-22T20:01,7.24,24,False,False
HD-00696,2025-07-22T14:21,Password Reset,Medium,T07,2025-07-22T14:46,0.41,24,False,False
HD-00701,2025-07-23T10:52,Account Access,High,T01,2025-07-23T11:35,0.72,8,False,False
HD-00703,2025-07-23T11:47,Account Access,Medium,T03,2025-07-23T13:58,2.18,24,False,True
HD-00700,2025-07-23T13:54,Account Access,Low,T04,2025-07-23T17:40,3.77,48,False,False
HD-00693,2025-07-23T14:16,Password Reset,Low,T01,2025-07-23T14:36,0.34,48,False,False
HD-00699,2025-07-24T09:00,Account Access,Low,T07,2025-07-24T10:24,1.4,48,False,False
HD-00709,2025-07-24T10:38,Hardware,Low,T07,2025-07-24T15:48,5.17,48,False,False
HD-00708,2025-07-24T10:54,Hardware,Medium,T06,2025-07-24T16:20,5.44,24,False,False
HD-00698,2025-07-24T11:38,Password Reset,High,T03,2025-07-24T11:59,0.34,8,False,False
HD-00710,2025-07-24T15:06,Software Install,High,T02,2025-07-25T04:23,13.28,8,True,False
HD-00711,2025-07-24T15:16,Software Install,Low,T01,2025-07-25T01:47,10.51,48,False,True
HD-00705,2025-07-25T09:37,Email & Calendar,Low,T03,2025-07-25T14:03,4.43,48,False,False
HD-00690,2025-07-25T10:27,Password Reset,Low,T02,2025-07-25T11:26,0.99,48,False,False
HD-00702,2025-07-25T13:04,Account Access,Low,T02,2025-07-25T13:56,0.87,48,False,False
HD-00729,2025-07-28T08:35,Hardware,Medium,T05,2025-07-28T17:54,9.31,24,False,True
HD-00730,2025-07-28T09:28,Hardware,Low,T08,2025-07-28T14:25,4.95,48,False,False
HD-00732,2025-07-28T10:35,Hardware,Medium,T08,2025-07-28T20:40,10.09,24,False,False
HD-00718,2025-07-28T10:50,Password Reset,Critical,T03,2025-07-28T11:16,0.43,4,False,False
HD-00727,2025-07-28T13:40,Email & Calendar,Medium,T08,2025-07-28T15:44,2.06,24,False,False
HD-00728,2025-07-28T14:24,Email & Calendar,Medium,T08,2025-07-28T16:50,2.43,24,False,False
HD-00733,2025-07-28T16:22,Software Install,Medium,T03,2025-07-29T18:21,25.99,24,True,False
HD-00722,2025-07-28T16:34,Account Access,Low,T02,2025-07-28T17:37,1.05,48,False,False
HD-00737,2025-07-28T16:43,Network & VPN,High,T04,2025-07-30T04:27,35.74,8,True,False
HD-00725,2025-07-29T08:18,Account Access,High,T05,2025-07-29T11:28,3.17,8,False,False
HD-00721,2025-07-29T09:13,Password Reset,Medium,T03,2025-07-29T09:47,0.57,24,False,False
HD-00724,2025-07-29T12:05,Account Access,High,T05,2025-07-29T13:58,1.88,8,False,False
HD-00716,2025-07-29T13:02,Password Reset,Medium,T01,2025-07-29T13:20,0.3,24,False,False
HD-00719,2025-07-29T13:46,Password Reset,Medium,T02,2025-07-29T14:27,0.68,24,False,False
HD-00738,2025-07-29T14:25,Network & VPN,High,T05,2025-07-29T18:33,4.13,8,False,False
HD-00714,2025-07-30T08:18,Password Reset,Low,T01,2025-07-30T08:43,0.42,48,False,False
HD-00717,2025-07-30T13:49,Password Reset,Low,T01,2025-07-30T14:07,0.3,48,False,False
HD-00740,2025-07-30T14:40,Network & VPN,High,T05,2025-07-30T20:18,5.63,8,False,False
HD-00715,2025-07-30T15:13,Password Reset,Low,T08,2025-07-30T15:52,0.65,48,False,False
HD-00720,2025-07-30T15:53,Password Reset,Medium,T01,2025-07-30T16:29,0.59,24,False,False
HD-00723,2025-07-31T09:44,Account Access,Medium,T03,2025-07-31T13:53,4.15,24,False,False
HD-00731,2025-07-31T10:08,Hardware,Medium,T08,2025-07-31T20:10,10.03,24,False,False
HD-00726,2025-07-31T10:14,Account Access,Critical,T07,2025-07-31T11:30,1.27,4,False,True
HD-00735,2025-07-31T11:25,Software Install,High,T06,2025-07-31T15:35,4.16,8,False,False
HD-00739,2025-08-01T11:24,Network & VPN,Medium,T04,2025-08-02T00:17,12.88,24,False,False
HD-00736,2025-08-01T13:17,Software Install,Medium,T03,2025-08-02T01:02,11.76,24,False,False
HD-00734,2025-08-01T16:30,Software Install,Low,T04,2025-08-01T22:32,6.03,48,False,False
HD-00752,2025-08-04T09:51,Account Access,Medium,T01,2025-08-04T10:42,0.85,24,False,False
HD-00754,2025-08-04T10:17,Email & Calendar,Low,T05,2025-08-04T12:33,2.28,48,False,False
HD-00757,2025-08-04T10:34,Email & Calendar,Critical,T04,2025-08-04T13:43,3.15,4,False,False
HD-00741,2025-08-04T11:31,Password Reset,High,T07,2025-08-04T12:03,0.53,8,False,False
HD-00762,2025-08-04T12:41,Hardware,Medium,T05,2025-08-04T20:01,7.33,24,False,True
HD-00770,2025-08-04T16:15,Network & VPN,High,T05,2025-08-05T04:38,12.39,8,True,False
HD-00748,2025-08-05T10:29,Account Access,Medium,T08,2025-08-05T13:19,2.84,24,False,False
HD-00758,2025-08-05T13:06,Email & Calendar,Low,T04,2025-08-05T16:30,3.4,48,False,False
HD-00761,2025-08-05T15:22,Hardware,Low,T02,2025-08-05T22:33,7.17,48,False,False
HD-00759,2025-08-06T08:51,Email & Calendar,Critical,T07,2025-08-06T10:15,1.4,4,False,False
HD-00768,2025-08-06T09:34,Software Install,High,T08,2025-08-06T18:32,8.97,8,True,False
HD-00743,2025-08-06T12:21,Password Reset,Critical,T03,2025-08-06T12:57,0.61,4,False,False
HD-00767,2025-08-06T13:05,Software Install,Medium,T03,2025-08-06T20:49,7.74,24,False,False
HD-00764,2025-08-06T16:51,Software Install,Low,T03,2025-08-07T02:40,9.82,48,False,False
HD-00769,2025-08-07T08:02,Network & VPN,Medium,T02,2025-08-08T07:02,23.01,24,False,False
HD-00745,2025-08-07T08:45,Password Reset,Critical,T08,2025-08-07T09:14,0.48,4,False,False
HD-00772,2025-08-07T09:28,Network & VPN,High,T08,2025-08-08T00:44,15.26,8,True,False
HD-00749,2025-08-07T15:16,Account Access,Medium,T07,2025-08-07T16:24,1.13,24,False,False
HD-00765,2025-08-07T15:31,Software Install,Low,T01,2025-08-08T03:04,11.54,48,False,False
HD-00747,2025-08-07T15:32,Account Access,Medium,T04,2025-08-07T19:24,3.87,24,False,False
HD-00746,2025-08-08T08:13,Account Access,Low,T07,2025-08-08T12:51,4.63,48,False,False
HD-00753,2025-08-08T08:46,Email & Calendar,Low,T07,2025-08-08T13:36,4.83,48,False,False
HD-00766,2025-08-08T09:47,Software Install,Critical,T02,2025-08-08T17:15,7.47,4,True,False
HD-00751,2025-08-08T09:51,Account Access,Low,T03,2025-08-08T11:57,2.09,48,False,False
HD-00750,2025-08-08T10:29,Account Access,Low,T06,2025-08-08T13:35,3.1,48,False,False
HD-00763,2025-08-08T11:08,Software Install,Low,T03,2025-08-08T18:47,7.65,48,False,True
HD-00755,2025-08-08T11:25,Email & Calendar,Critical,T02,2025-08-08T12:22,0.95,4,False,False
HD-00760,2025-08-08T11:30,Hardware,Medium,T05,2025-08-08T22:58,11.46,24,False,False
HD-00756,2025-08-08T11:38,Email & Calendar,Low,T03,2025-08-08T14:05,2.45,48,False,False
HD-00773,2025-08-08T13:47,Network & VPN,Medium,T07,2025-08-09T05:42,15.91,24,False,False
HD-00771,2025-08-08T14:44,Network & VPN,Medium,T02,2025-08-09T03:47,13.06,24,False,False
HD-00742,2025-08-08T15:45,Password Reset,Medium,T08,2025-08-08T15:55,0.17,24,False,False
HD-00744,2025-08-08T16:32,Password Reset,Medium,T06,2025-08-08T17:11,0.65,24,False,False
HD-00788,2025-08-11T11:20,Email & Calendar,Low,T03,2025-08-11T16:26,5.11,48,False,False
HD-00795,2025-08-11T12:04,Software Install,High,T01,2025-08-12T02:45,14.68,8,True,False
HD-00784,2025-08-11T12:59,Password Reset,Medium,T06,2025-08-11T13:47,0.8,24,False,False
HD-00805,2025-08-11T13:42,Network & VPN,Low,T07,2025-08-12T16:40,26.97,48,False,False
HD-00799,2025-08-11T14:49,Software Install,Medium,T08,2025-08-12T07:58,17.16,24,False,False
HD-00775,2025-08-12T11:19,Password Reset,Medium,T06,2025-08-12T11:51,0.53,24,False,False
HD-00779,2025-08-12T11:57,Password Reset,Medium,T07,2025-08-12T12:36,0.65,24,False,True
HD-00802,2025-08-12T12:23,Network & VPN,Low,T07,2025-08-13T04:34,16.18,48,False,False
HD-00806,2025-08-12T12:53,Network & VPN,High,T05,2025-08-12T18:55,6.03,8,False,True
HD-00790,2025-08-12T14:20,Hardware,Medium,T08,2025-08-13T00:08,9.81,24,False,False
HD-00778,2025-08-12T16:21,Password Reset,Medium,T05,2025-08-12T17:32,1.19,24,False,False
HD-00785,2025-08-12T16:21,Account Access,Low,T04,2025-08-12T18:58,2.62,48,False,False
HD-00782,2025-08-12T16:45,Password Reset,Low,T02,2025-08-12T17:55,1.16,48,False,False
HD-00774,2025-08-13T08:08,Password Reset,High,T08,2025-08-13T08:26,0.3,8,False,False
HD-00794,2025-08-13T09:31,Hardware,Critical,T03,2025-08-13T12:08,2.62,4,False,False
HD-00804,2025-08-13T09:39,Network & VPN,High,T08,2025-08-14T08:32,22.88,8,True,False
HD-00798,2025-08-13T10:35,Software Install,Medium,T08,2025-08-13T19:37,9.03,24,False,False
HD-00787,2025-08-13T11:52,Account Access,Medium,T01,2025-08-13T13:01,1.14,24,False,False
HD-00800,2025-08-13T14:54,Software Install,Low,T08,2025-08-14T03:18,12.39,48,False,False
HD-00776,2025-08-13T15:18,Password Reset,Medium,T04,2025-08-13T15:54,0.6,24,False,False
HD-00791,2025-08-14T08:38,Hardware,Medium,T06,2025-08-14T13:34,4.93,24,False,False
HD-00793,2025-08-14T09:07,Hardware,Medium,T02,2025-08-14T17:52,8.75,24,False,True
HD-00801,2025-08-14T10:11,Software Install,Medium,T08,2025-08-15T04:05,17.9,24,False,True
HD-00783,2025-08-14T10:39,Password Reset,Critical,T08,2025-08-14T10:53,0.23,4,False,False
HD-00792,2025-08-14T11:10,Hardware,Medium,T02,2025-08-14T23:48,12.62,24,False,False
HD-00780,2025-08-14T14:37,Password Reset,Medium,T01,2025-08-14T15:04,0.46,24,False,False
HD-00781,2025-08-14T15:31,Password Reset,Medium,T02,2025-08-14T16:05,0.56,24,False,False
HD-00789,2025-08-14T16:06,Hardware,Medium,T02,2025-08-15T01:26,9.32,24,False,False
HD-00777,2025-08-14T16:10,Password Reset,Critical,T02,2025-08-14T16:57,0.79,4,False,False
HD-00797,2025-08-15T09:30,Software Install,Medium,T02,2025-08-15T19:30,10.0,24,False,False
HD-00786,2025-08-15T16:28,Account Access,Low,T06,2025-08-15T19:00,2.54,48,False,False
HD-00796,2025-08-15T16:48,Software Install,High,T08,2025-08-16T00:11,7.39,8,False,False
HD-00803,2025-08-15T16:58,Network & VPN,Low,T01,2025-08-16T06:53,13.92,48,False,False
HD-00829,2025-08-18T08:11,Software Install,Low,T02,2025-08-19T01:28,17.29,48,False,False
HD-00832,2025-08-18T08:22,Network & VPN,Medium,T03,2025-08-19T04:20,19.97,24,False,True
HD-00808,2025-08-18T08:53,Password Reset,Medium,T05,2025-08-18T09:38,0.75,24,False,False
HD-00814,2025-08-18T08:55,Password Reset,Medium,T07,2025-08-18T09:49,0.91,24,False,False
HD-00817,2025-08-18T10:06,Email & Calendar,Medium,T08,2025-08-18T13:45,3.64,24,False,False
HD-00828,2025-08-18T10:58,Software Install,Low,T01,2025-08-18T21:17,10.32,48,False,False
HD-00831,2025-08-18T13:19,Network & VPN,High,T04,2025-08-19T07:38,18.33,8,True,False
HD-00807,2025-08-18T13:23,Password Reset,Medium,T08,2025-08-18T13:56,0.54,24,False,False
HD-00816,2025-08-18T15:44,Account Access,Low,T08,2025-08-18T18:47,3.05,48,False,False
HD-00823,2025-08-18T16:25,Hardware,Medium,T07,2025-08-19T02:43,10.3,24,False,False
HD-00834,2025-08-18T16:41,Network & VPN,High,T08,2025-08-19T18:59,26.3,8,True,False
HD-00822,2025-08-19T10:33,Hardware,High,T03,2025-08-19T14:45,4.19,8,False,False
HD-00812,2025-08-19T16:06,Password Reset,High,T05,2025-08-19T16:57,0.85,8,False,False
HD-00826,2025-08-20T08:46,Hardware,Medium,T03,2025-08-20T13:15,4.48,24,False,False
HD-00837,2025-08-20T09:32,Network & VPN,Low,T04,2025-08-21T03:16,17.73,48,False,False
HD-00835,2025-08-20T10:35,Network & VPN,Medium,T03,2025-08-21T00:04,13.48,24,False,True
HD-00836,2025-08-20T11:11,Network & VPN,High,T08,2025-08-21T02:44,15.56,8,True,True
HD-00827,2025-08-20T11:41,Hardware,Low,T07,2025-08-20T19:37,7.94,48,False,False
HD-00820,2025-08-20T12:22,Email & Calendar,Low,T05,2025-08-20T15:46,3.4,48,False,False
HD-00818,2025-08-20T13:31,Email & Calendar,High,T08,2025-08-20T15:00,1.48,8,False,False
HD-00810,2025-08-20T14:11,Password Reset,Medium,T05,2025-08-20T15:41,1.49,24,False,False
HD-00830,2025-08-20T14:39,Network & VPN,Low,T06,2025-08-21T04:16,13.63,48,False,True
HD-00811,2025-08-20T16:47,Password Reset,Medium,T07,2025-08-20T17:36,0.83,24,False,False
HD-00815,2025-08-20T16:56,Account Access,Low,T05,2025-08-20T19:08,2.19,48,False,False
HD-00833,2025-08-21T08:23,Network & VPN,Low,T07,2025-08-22T11:32,27.16,48,False,True
HD-00825,2025-08-21T11:01,Hardware,Medium,T02,2025-08-21T15:25,4.41,24,False,False
HD-00821,2025-08-22T08:40,Email & Calendar,Medium,T07,2025-08-22T12:32,3.86,24,False,False
HD-00838,2025-08-22T11:01,Network & VPN,Critical,T03,2025-08-22T19:51,8.84,4,True,False
HD-00813,2025-08-22T12:47,Password Reset,Medium,T04,2025-08-22T13:31,0.73,24,False,False
HD-00809,2025-08-22T13:09,Password Reset,High,T05,2025-08-22T13:51,0.7,8,False,False
HD-00839,2025-08-22T14:44,Network & VPN,Medium,T02,2025-08-23T05:16,14.53,24,False,False
HD-00819,2025-08-22T15:50,Email & Calendar,Medium,T02,2025-08-22T17:35,1.75,24,False,False
HD-00824,2025-08-22T16:57,Hardware,Low,T03,2025-08-22T21:36,4.65,48,False,False
HD-00858,2025-08-25T10:34,Email & Calendar,High,T03,2025-08-25T14:32,3.98,8,False,False
HD-00859,2025-08-25T14:03,Email & Calendar,Critical,T08,2025-08-25T15:55,1.87,4,False,False
HD-00853,2025-08-25T15:41,Email & Calendar,Medium,T02,2025-08-25T19:12,3.52,24,False,False
HD-00851,2025-08-25T16:11,Account Access,Medium,T08,2025-08-25T20:28,4.29,24,False,True
HD-00848,2025-08-25T16:51,Password Reset,Medium,T08,2025-08-25T17:25,0.58,24,False,False
HD-00849,2025-08-25T16:53,Password Reset,Medium,T01,2025-08-25T17:11,0.31,24,False,False
HD-00854,2025-08-26T09:03,Email & Calendar,Low,T06,2025-08-26T14:36,5.54,48,False,False
HD-00872,2025-08-26T09:15,Software Install,Medium,T02,2025-08-26T17:17,8.04,24,False,False
HD-00869,2025-08-26T10:59,Hardware,Low,T02,2025-08-26T17:45,6.77,48,False,True
HD-00862,2025-08-26T12:33,Hardware,Critical,T03,2025-08-26T14:58,2.41,4,False,False
HD-00840,2025-08-26T13:33,Password Reset,High,T02,2025-08-26T14:27,0.9,8,False,False
HD-00873,2025-08-26T14:53,Software Install,Medium,T07,2025-08-26T20:44,5.84,24,False,False
HD-00876,2025-08-26T15:38,Network & VPN,Medium,T04,2025-08-27T13:17,21.65,24,False,False
HD-00842,2025-08-27T09:10,Password Reset,Low,T07,2025-08-27T10:34,1.4,48,False,False
HD-00846,2025-08-27T10:00,Password Reset,Critical,T02,2025-08-27T10:26,0.43,4,False,False
HD-00861,2025-08-27T10:13,Email & Calendar,Critical,T03,2025-08-27T12:45,2.54,4,False,False
HD-00870,2025-08-27T11:42,Hardware,Low,T05,2025-08-27T20:03,8.35,48,False,False
HD-00867,2025-08-27T12:27,Hardware,Medium,T04,2025-08-27T14:23,1.92,24,False,False
HD-00845,2025-08-27T12:45,Password Reset,High,T07,2025-08-27T13:30,0.76,8,False,False
HD-00852,2025-08-27T13:56,Account Access,Medium,T08,2025-08-27T19:05,5.16,24,False,False
HD-00860,2025-08-27T14:58,Email & Calendar,High,T06,2025-08-27T20:05,5.11,8,False,False
HD-00856,2025-08-27T16:24,Email & Calendar,High,T04,2025-08-27T22:29,6.07,8,False,False
HD-00843,2025-08-28T08:33,Password Reset,Critical,T05,2025-08-28T09:12,0.66,4,False,False
HD-00857,2025-08-28T10:36,Email & Calendar,Low,T06,2025-08-28T16:04,5.46,48,False,False
HD-00841,2025-08-28T11:21,Password Reset,Low,T06,2025-08-28T12:17,0.93,48,False,True
HD-00850,2025-08-28T12:24,Password Reset,High,T08,2025-08-28T12:36,0.21,8,False,False
HD-00874,2025-08-28T12:38,Software Install,Low,T02,2025-08-29T00:14,11.6,48,False,False
HD-00855,2025-08-28T12:41,Email & Calendar,Medium,T01,2025-08-28T15:15,2.57,24,False,True
HD-00877,2025-08-28T13:01,Network & VPN,High,T06,2025-08-28T18:26,5.42,8,False,False
HD-00847,2025-08-28T14:28,Password Reset,Low,T07,2025-08-28T15:06,0.62,48,False,False
HD-00871,2025-08-29T09:55,Software Install,Medium,T04,2025-08-29T17:48,7.88,24,False,False
HD-00844,2025-08-29T10:39,Password Reset,Low,T07,2025-08-29T11:38,0.98,48,False,True
HD-00864,2025-08-29T11:18,Hardware,Critical,T04,2025-08-29T12:38,1.34,4,False,False
HD-00866,2025-08-29T12:12,Hardware,Medium,T01,2025-08-29T20:02,7.83,24,False,False
HD-00865,2025-08-29T12:34,Hardware,High,T07,2025-08-29T16:12,3.62,8,False,False
HD-00868,2025-08-29T14:01,Hardware,Low,T08,2025-08-29T19:23,5.37,48,False,False
HD-00863,2025-08-29T15:29,Hardware,Low,T05,2025-08-29T23:16,7.78,48,False,True
HD-00875,2025-08-29T16:56,Network & VPN,Critical,T03,2025-08-30T12:09,19.21,4,True,False
