month,region,category,budget_revenue,budget_discount_pct,budget_cogs_pct,actual_revenue,actual_discount_pct,actual_cogs_pct,budget_net_revenue,budget_cogs,budget_profit,actual_net_revenue,actual_cogs,actual_profit,profit_variance
2024-01,Northeast,Electronics Accessories,156793.46,0.1,0.62,153721.33,0.1107,0.6207,141114.11,87490.75,53623.36,136704.38,84852.41,51851.97,-1771.39
2024-02,Northeast,Electronics Accessories,154535.63,0.1,0.62,154921.35,0.11,0.6537,139082.07,86230.88,52851.19,137880.0,90132.16,47747.84,-5103.35
2024-03,Northeast,Electronics Accessories,168152.27,0.1,0.62,166763.41,0.104,0.6318,151337.04,93828.96,57508.08,149420.02,94403.57,55016.45,-2491.63
2024-04,Northeast,Electronics Accessories,174828.19,0.1,0.62,173359.9,0.0975,0.6332,157345.37,97554.13,59791.24,156457.31,99068.77,57388.54,-2402.7
2024-05,Northeast,Electronics Accessories,179789.83,0.1,0.62,180352.71,0.101,0.6419,161810.85,100322.73,61488.12,162137.09,104075.8,58061.29,-3426.83
2024-06,Northeast,Electronics Accessories,184807.22,0.1,0.62,182721.57,0.0918,0.6449,166326.5,103122.43,63204.07,165947.73,107019.69,58928.04,-4276.03
2024-07,Northeast,Electronics Accessories,182577.27,0.1,0.62,185287.84,0.1176,0.6378,164319.54,101878.11,62441.43,163497.99,104279.02,59218.97,-3222.46
2024-08,Northeast,Electronics Accessories,189490.12,0.1,0.62,189026.88,0.0984,0.6357,170541.11,105735.49,64805.62,170426.64,108340.22,62086.42,-2719.2
2024-09,Northeast,Electronics Accessories,194632.94,0.1,0.62,200161.19,0.1012,0.6463,175169.65,108605.18,66564.47,179904.88,116272.52,63632.36,-2932.11
2024-10,Northeast,Electronics Accessories,205434.27,0.1,0.62,198685.42,0.0951,0.6553,184890.84,114632.32,70258.52,179790.44,117816.68,61973.76,-8284.76
2024-11,Northeast,Electronics Accessories,244597.79,0.1,0.62,240186.96,0.0973,0.6565,220138.01,136485.57,83652.44,216816.77,142340.21,74476.56,-9175.88
2024-12,Northeast,Electronics Accessories,231245.96,0.1,0.62,221347.67,0.1032,0.6591,208121.36,129035.24,79086.12,198504.59,130834.38,67670.21,-11415.91
2025-01,Northeast,Electronics Accessories,171845.63,0.1,0.62,157496.85,0.1105,0.6377,154661.07,95889.86,58771.21,140093.45,89337.59,50755.86,-8015.35
2025-02,Northeast,Electronics Accessories,169253.31,0.1,0.62,150360.41,0.1214,0.6419,152327.98,94443.35,57884.63,132106.66,84799.27,47307.39,-10577.24
2025-03,Northeast,Electronics Accessories,184040.68,0.1,0.62,184593.9,0.0965,0.6564,165636.61,102694.7,62941.91,166780.59,109474.78,57305.81,-5636.1
2025-04,Northeast,Electronics Accessories,191218.33,0.1,0.62,183277.9,0.0972,0.6335,172096.5,106699.83,65396.67,165463.29,104820.99,60642.3,-4754.37
2025-05,Northeast,Electronics Accessories,196514.47,0.1,0.62,189094.7,0.099,0.6278,176863.02,109655.07,67207.95,170374.32,106961.0,63413.32,-3794.63
2025-06,Northeast,Electronics Accessories,201866.35,0.1,0.62,196005.02,0.0681,0.6489,181679.72,112641.43,69038.29,182657.08,118526.18,64130.9,-4907.39
2025-07,Northeast,Electronics Accessories,199301.91,0.1,0.62,203464.57,0.0909,0.6512,179371.72,111210.47,68161.25,184969.64,120452.23,64517.41,-3643.84
2025-08,Northeast,Electronics Accessories,206716.49,0.1,0.62,212585.26,0.0873,0.6477,186044.84,115347.8,70697.04,194026.57,125671.01,68355.56,-2341.48
2025-09,Northeast,Electronics Accessories,212193.81,0.1,0.62,219472.24,0.1036,0.65,190974.43,118404.15,72570.28,196734.92,127877.7,68857.22,-3713.06
2025-10,Northeast,Electronics Accessories,223831.37,0.1,0.62,234181.29,0.1077,0.6475,201448.23,124897.9,76550.33,208959.97,135301.58,73658.39,-2891.94
2025-11,Northeast,Electronics Accessories,266339.82,0.1,0.62,306058.03,0.0932,0.6514,239705.84,148617.62,91088.22,277533.42,180785.27,96748.15,5659.93
2025-12,Northeast,Electronics Accessories,251650.01,0.1,0.62,255358.31,0.0991,0.6518,226485.01,140420.71,86064.3,230052.3,149948.09,80104.21,-5960.09
2024-01,Northeast,Home & Kitchen,154542.86,0.12,0.58,155735.68,0.124,0.592,135997.72,78878.68,57119.04,136424.46,80763.28,55661.18,-1457.86
2024-02,Northeast,Home & Kitchen,152317.45,0.12,0.58,135698.08,0.1007,0.5779,134039.36,77742.83,56296.53,122033.28,70523.03,51510.25,-4786.28
2024-03,Northeast,Home & Kitchen,165738.64,0.12,0.58,151782.94,0.1076,0.5764,145850.0,84593.0,61257.0,135451.1,78074.01,57377.09,-3879.91
2024-04,Northeast,Home & Kitchen,172318.73,0.12,0.58,191213.06,0.1253,0.5841,151640.48,87951.48,63689.0,167254.06,97693.1,69560.96,5871.96
2024-05,Northeast,Home & Kitchen,177209.15,0.12,0.58,201538.07,0.106,0.5814,155944.05,90447.55,65496.5,180175.03,104753.76,75421.27,9924.77
2024-06,Northeast,Home & Kitchen,182154.52,0.12,0.58,186219.71,0.1294,0.5901,160295.98,92971.67,67324.31,162122.88,95668.71,66454.17,-870.14
2024-07,Northeast,Home & Kitchen,179956.58,0.12,0.58,179234.22,0.1259,0.5707,158361.79,91849.84,66511.95,156668.63,89410.79,67257.84,745.89
2024-08,Northeast,Home & Kitchen,186770.2,0.12,0.58,191972.58,0.1147,0.5877,164357.78,95327.51,69030.27,169953.33,99881.57,70071.76,1041.49
2024-09,Northeast,Home & Kitchen,191839.21,0.12,0.58,172316.89,0.1147,0.5728,168818.5,97914.73,70903.77,152552.14,87381.87,65170.27,-5733.5
2024-10,Northeast,Home & Kitchen,202485.5,0.12,0.58,197113.49,0.1049,0.5883,178187.24,103348.6,74838.64,176436.28,103797.46,72638.82,-2199.82
2024-11,Northeast,Home & Kitchen,241086.87,0.12,0.58,236199.81,0.122,0.5738,212156.45,123050.74,89105.71,207383.43,118996.61,88386.82,-718.89
2024-12,Northeast,Home & Kitchen,227926.69,0.12,0.58,247705.02,0.1236,0.5894,200575.49,116333.78,84241.71,217088.68,127952.07,89136.61,4894.9
2025-01,Northeast,Home & Kitchen,169378.98,0.12,0.58,160984.22,0.1285,0.5795,149053.5,86451.03,62602.47,140297.75,81302.55,58995.2,-3607.27
2025-02,Northeast,Home & Kitchen,166823.87,0.12,0.58,169851.9,0.1339,0.5885,146805.01,85146.91,61658.1,147108.73,86573.49,60535.24,-1122.86
2025-03,Northeast,Home & Kitchen,181398.98,0.12,0.58,187966.55,0.1353,0.571,159631.1,92586.04,67045.06,162534.68,92807.3,69727.38,2682.32
2025-04,Northeast,Home & Kitchen,188473.61,0.12,0.58,198654.16,0.1199,0.5883,165856.78,96196.93,69659.85,174835.53,102855.74,71979.79,2319.94
2025-05,Northeast,Home & Kitchen,193693.72,0.12,0.58,189538.7,0.118,0.5945,170450.47,98861.27,71589.2,167173.13,99384.43,67788.7,-3800.5
2025-06,Northeast,Home & Kitchen,198968.79,0.12,0.58,192133.52,0.1108,0.5868,175092.54,101553.67,73538.87,170845.13,100251.92,70593.21,-2945.66
2025-07,Northeast,Home & Kitchen,196441.15,0.12,0.58,175060.95,0.1394,0.5787,172868.21,100263.56,72604.65,150657.45,87185.47,63471.98,-9132.67
2025-08,Northeast,Home & Kitchen,203749.31,0.12,0.58,215440.32,0.1295,0.5728,179299.39,103993.65,75305.74,187540.8,107423.37,80117.43,4811.69
2025-09,Northeast,Home & Kitchen,209148.01,0.12,0.58,221510.75,0.116,0.5905,184050.25,106749.14,77301.11,195815.5,115629.05,80186.45,2885.34
2025-10,Northeast,Home & Kitchen,220618.52,0.12,0.58,215214.12,0.1163,0.5812,194144.3,112603.69,81540.61,190184.72,110535.36,79649.36,-1891.25
2025-11,Northeast,Home & Kitchen,262516.81,0.12,0.58,265550.62,0.1247,0.5762,231014.79,133988.58,97026.21,232436.46,133929.89,98506.57,1480.36
2025-12,Northeast,Home & Kitchen,248037.86,0.12,0.58,230724.07,0.1212,0.577,218273.32,126598.53,91674.79,202760.31,116992.7,85767.61,-5907.18
2024-01,Northeast,Office Supplies,98460.27,0.08,0.55,97430.04,0.0827,0.5638,90583.45,49820.9,40762.55,89372.58,50388.26,38984.32,-1778.23
2024-02,Northeast,Office Supplies,97042.44,0.08,0.55,100572.7,0.0666,0.558,89279.04,49103.47,40175.57,93874.56,52382.0,41492.56,1316.99
2024-03,Northeast,Office Supplies,105593.17,0.08,0.55,103040.98,0.071,0.5607,97145.72,53430.15,43715.57,95725.07,53673.05,42052.02,-1663.55
2024-04,Northeast,Office Supplies,109785.39,0.08,0.55,110131.69,0.083,0.5619,101002.56,55551.41,45451.15,100990.76,56746.71,44244.05,-1207.1
2024-05,Northeast,Office Supplies,112901.11,0.08,0.55,119110.53,0.0709,0.5421,103869.02,57127.96,46741.06,110665.59,59991.82,50673.77,3932.71
2024-06,Northeast,Office Supplies,116051.84,0.08,0.55,119535.92,0.0854,0.5431,106767.69,58722.23,48045.46,109327.55,59375.79,49951.76,1906.3
2024-07,Northeast,Office Supplies,114651.52,0.08,0.55,111138.42,0.0854,0.549,105479.4,58013.67,47465.73,101647.2,55804.31,45842.89,-1622.84
2024-08,Northeast,Office Supplies,118992.52,0.08,0.55,128599.61,0.0831,0.5507,109473.12,60210.22,49262.9,117912.98,64934.68,52978.3,3715.4
2024-09,Northeast,Office Supplies,122222.02,0.08,0.55,133066.81,0.0876,0.5515,112444.26,61844.34,50599.92,121410.16,66957.7,54452.46,3852.54
2024-10,Northeast,Office Supplies,129004.84,0.08,0.55,135477.51,0.0809,0.5507,118684.45,65276.45,53408.0,124517.38,68571.72,55945.66,2537.66
2024-11,Northeast,Office Supplies,153598.02,0.08,0.55,158211.1,0.0796,0.5567,141310.18,77720.6,63589.58,145617.5,81065.26,64552.24,962.66
2024-12,Northeast,Office Supplies,145213.58,0.08,0.55,150410.54,0.079,0.5451,133596.49,73478.07,60118.42,138528.11,75511.67,63016.44,2898.02
2025-01,Northeast,Office Supplies,107912.46,0.08,0.55,112670.59,0.0709,0.5675,99279.46,54603.7,44675.76,104682.25,59407.18,45275.07,599.31
2025-02,Northeast,Office Supplies,106284.58,0.08,0.55,99574.45,0.0797,0.546,97781.81,53780.0,44001.81,91638.37,50034.55,41603.82,-2397.99
2025-03,Northeast,Office Supplies,115570.48,0.08,0.55,121808.62,0.0829,0.5421,106324.84,58478.66,47846.18,111710.69,60558.37,51152.32,3306.14
2025-04,Northeast,Office Supplies,120077.77,0.08,0.55,115031.63,0.0587,0.5416,110471.55,60759.35,49712.2,108279.27,58644.05,49635.22,-76.98
2025-05,Northeast,Office Supplies,123403.54,0.08,0.55,124638.01,0.0887,0.5437,113531.26,62442.19,51089.07,113582.62,61754.87,51827.75,738.68
2025-06,Northeast,Office Supplies,126764.32,0.08,0.55,126137.6,0.0718,0.5469,116623.17,64142.74,52480.43,117080.92,64031.56,53049.36,568.93
2025-07,Northeast,Office Supplies,125153.95,0.08,0.55,128124.61,0.0682,0.5487,115141.63,63327.9,51813.73,119386.51,65507.38,53879.13,2065.4
2025-08,Northeast,Office Supplies,129810.02,0.08,0.55,141224.22,0.0789,0.5543,119425.22,65683.87,53741.35,130081.63,72104.25,57977.38,4236.03
2025-09,Northeast,Office Supplies,133249.57,0.08,0.55,136799.81,0.0787,0.5549,122589.6,67424.28,55165.32,126033.66,69936.08,56097.58,932.26
2025-10,Northeast,Office Supplies,140557.51,0.08,0.55,139724.21,0.0798,0.5589,129312.91,71122.1,58190.81,128574.22,71860.13,56714.09,-1476.72
2025-11,Northeast,Office Supplies,167251.18,0.08,0.55,172850.4,0.0704,0.5463,153871.09,84629.1,69241.99,160681.73,87780.43,72901.3,3659.31
2025-12,Northeast,Office Supplies,158026.55,0.08,0.55,158942.21,0.0854,0.5594,145384.43,79961.44,65422.99,145368.55,81319.17,64049.38,-1373.61
2024-01,Northeast,Personal Care,91144.89,0.11,0.54,83608.3,0.0877,0.5377,81118.95,43804.23,37314.72,76275.85,41013.52,35262.33,-2052.39
2024-02,Northeast,Personal Care,89832.4,0.11,0.54,81697.42,0.0949,0.5425,79950.84,43173.45,36777.39,73944.33,40114.8,33829.53,-2947.86
2024-03,Northeast,Personal Care,97747.83,0.11,0.54,95141.1,0.1086,0.5423,86995.57,46977.61,40017.96,84808.78,45991.8,38816.98,-1200.98
2024-04,Northeast,Personal Care,101628.58,0.11,0.54,111745.3,0.1199,0.5448,90449.44,48842.7,41606.74,98347.04,53579.47,44767.57,3160.83
2024-05,Northeast,Personal Care,104512.81,0.11,0.54,103044.43,0.1137,0.5412,93016.4,50228.86,42787.54,91328.28,49426.87,41901.41,-886.13
2024-06,Northeast,Personal Care,107429.44,0.11,0.54,110950.1,0.1134,0.5332,95612.2,51630.59,43981.61,98368.36,52450.01,45918.35,1936.74
2024-07,Northeast,Personal Care,106133.16,0.11,0.54,112911.67,0.1294,0.537,94458.51,51007.6,43450.91,98300.9,52787.58,45513.32,2062.41
2024-08,Northeast,Personal Care,110151.64,0.11,0.54,102824.76,0.0951,0.53,98034.96,52938.88,45096.08,93046.13,49314.45,43731.68,-1364.4
2024-09,Northeast,Personal Care,113141.19,0.11,0.54,120765.92,0.1046,0.5478,100695.66,54375.66,46320.0,108133.8,59235.7,48898.1,2578.1
2024-10,Northeast,Personal Care,119420.06,0.11,0.54,124501.29,0.1083,0.5395,106283.85,57393.28,48890.57,111017.8,59894.1,51123.7,2233.13
2024-11,Northeast,Personal Care,142186.03,0.11,0.54,145986.98,0.1188,0.5481,126545.57,68334.61,58210.96,128643.73,70509.63,58134.1,-76.86
2024-12,Northeast,Personal Care,134424.53,0.11,0.54,140868.44,0.0925,0.537,119637.83,64604.43,55033.4,127838.11,68649.07,59189.04,4155.64
2025-01,Northeast,Personal Care,99894.8,0.11,0.54,89549.74,0.0966,0.5372,88906.37,48009.44,40896.93,80899.24,43459.07,37440.17,-3456.76
2025-02,Northeast,Personal Care,98387.87,0.11,0.54,99175.39,0.1123,0.5501,87565.2,47285.21,40279.99,88037.99,48429.7,39608.29,-671.7
2025-03,Northeast,Personal Care,106983.85,0.11,0.54,98621.7,0.0913,0.544,95215.63,51416.44,43799.19,89617.54,48751.94,40865.6,-2933.59
2025-04,Northeast,Personal Care,111156.26,0.11,0.54,112987.49,0.0965,0.5349,98929.07,53421.7,45507.37,102084.2,54604.84,47479.36,1971.99
2025-05,Northeast,Personal Care,114234.93,0.11,0.54,113146.69,0.0933,0.5429,101669.09,54901.31,46767.78,102590.1,55696.17,46893.93,126.15
2025-06,Northeast,Personal Care,117346.01,0.11,0.54,114719.29,0.0902,0.5411,104437.95,56396.49,48041.46,104371.61,56475.48,47896.13,-145.33
2025-07,Northeast,Personal Care,115855.28,0.11,0.54,119143.15,0.1157,0.5384,103111.2,55680.05,47431.15,105358.29,56724.9,48633.39,1202.24
2025-08,Northeast,Personal Care,120165.42,0.11,0.54,109417.2,0.1105,0.5384,106947.22,57751.5,49195.72,97326.6,52400.64,44925.96,-4269.76
2025-09,Northeast,Personal Care,123349.42,0.11,0.54,123760.6,0.1188,0.534,109780.98,59281.73,50499.25,109057.84,58236.89,50820.95,321.7
2025-10,Northeast,Personal Care,130114.39,0.11,0.54,144253.58,0.1077,0.5253,115801.81,62532.98,53268.83,128717.47,67615.29,61102.18,7833.35
2025-11,Northeast,Personal Care,154824.79,0.11,0.54,162780.66,0.1275,0.5479,137794.06,74408.79,63385.27,142026.13,77816.12,64210.01,824.74
2025-12,Northeast,Personal Care,146285.52,0.11,0.54,139210.14,0.0974,0.5268,130194.11,70304.82,59889.29,125651.07,66192.98,59458.09,-431.2
2024-01,Northeast,Outdoor & Sporting,83531.52,0.13,0.6,85264.25,0.1221,0.5987,72672.42,43603.45,29068.97,74853.49,44814.78,30038.71,969.74
2024-02,Northeast,Outdoor & Sporting,82328.67,0.13,0.6,81586.93,0.1228,0.6031,71625.94,42975.56,28650.38,71568.05,43162.69,28405.36,-245.02
2024-03,Northeast,Outdoor & Sporting,89582.91,0.13,0.6,91793.19,0.1324,0.5947,77937.13,46762.28,31174.85,79639.77,47361.77,32278.0,1103.15
2024-04,Northeast,Outdoor & Sporting,93139.5,0.13,0.6,87589.6,0.1304,0.6122,81031.37,48618.82,32412.55,76167.92,46630.0,29537.92,-2874.63
2024-05,Northeast,Outdoor & Sporting,95782.81,0.13,0.6,98039.03,0.1418,0.5946,83331.04,49998.62,33332.42,84137.1,50027.92,34109.18,776.76
2024-06,Northeast,Outdoor & Sporting,98455.82,0.13,0.6,98458.99,0.1232,0.6048,85656.56,51393.94,34262.62,86328.84,52211.68,34117.16,-145.46
2024-07,Northeast,Outdoor & Sporting,97267.81,0.13,0.6,91575.4,0.1311,0.6017,84622.99,50773.79,33849.2,79569.87,47877.19,31692.68,-2156.52
2024-08,Northeast,Outdoor & Sporting,100950.63,0.13,0.6,104476.9,0.1231,0.5983,87827.05,52696.23,35130.82,91615.79,54813.73,36802.06,1671.24
2024-09,Northeast,Outdoor & Sporting,103690.46,0.13,0.6,110799.0,0.1258,0.5965,90210.7,54126.42,36084.28,96860.49,57777.28,39083.21,2998.93
2024-10,Northeast,Outdoor & Sporting,109444.85,0.13,0.6,115758.19,0.1375,0.6046,95217.02,57130.21,38086.81,99841.44,60364.13,39477.31,1390.5
2024-11,Northeast,Outdoor & Sporting,130309.17,0.13,0.6,113104.47,0.139,0.609,113368.98,68021.39,45347.59,97382.95,59306.22,38076.73,-7270.86
2024-12,Northeast,Outdoor & Sporting,123196.0,0.13,0.6,125340.44,0.1225,0.6084,107180.52,64308.31,42872.21,109986.24,66915.63,43070.61,198.4
2025-01,Northeast,Outdoor & Sporting,91550.55,0.13,0.6,93222.61,0.1158,0.5944,79648.98,47789.39,31859.59,82427.43,48994.86,33432.57,1572.98
2025-02,Northeast,Outdoor & Sporting,90169.49,0.13,0.6,89294.17,0.1516,0.6162,78447.46,47068.48,31378.98,75757.17,46681.57,29075.6,-2303.38
2025-03,Northeast,Outdoor & Sporting,98047.44,0.13,0.6,97188.91,0.1277,0.5916,85301.27,51180.76,34120.51,84777.89,50154.6,34623.29,502.78
2025-04,Northeast,Outdoor & Sporting,101871.33,0.13,0.6,104046.45,0.1239,0.6115,88628.06,53176.84,35451.22,91155.09,55741.34,35413.75,-37.47
2025-05,Northeast,Outdoor & Sporting,104692.84,0.13,0.6,108221.91,0.1422,0.5916,91082.77,54649.66,36433.11,92832.75,54919.85,37912.9,1479.79
2025-06,Northeast,Outdoor & Sporting,107544.05,0.13,0.6,103639.08,0.1128,0.597,93563.32,56137.99,37425.33,91948.59,54893.31,37055.28,-370.05
2025-07,Northeast,Outdoor & Sporting,106177.84,0.13,0.6,107339.23,0.1389,0.6043,92374.72,55424.83,36949.89,92429.81,55855.33,36574.48,-375.41
2025-08,Northeast,Outdoor & Sporting,110127.96,0.13,0.6,108825.23,0.1285,0.5895,95811.33,57486.8,38324.53,94841.19,55908.88,38932.31,607.78
2025-09,Northeast,Outdoor & Sporting,113045.99,0.13,0.6,108801.78,0.1279,0.5925,98350.01,59010.01,39340.0,94886.03,56219.97,38666.06,-673.94
2025-10,Northeast,Outdoor & Sporting,119245.88,0.13,0.6,121467.31,0.1256,0.5978,103743.92,62246.35,41497.57,106211.02,63492.95,42718.07,1220.5
2025-11,Northeast,Outdoor & Sporting,141892.21,0.13,0.6,137809.23,0.1417,0.5982,123446.22,74067.73,49378.49,118281.66,70756.09,47525.57,-1852.92
2025-12,Northeast,Outdoor & Sporting,134066.23,0.13,0.6,122231.23,0.1276,0.6028,116637.62,69982.57,46655.05,106634.53,64279.29,42355.24,-4299.81
2024-01,Northeast,Pet Supplies,83980.51,0.09,0.56,81719.64,0.0802,0.5573,76422.26,42796.47,33625.79,75165.72,41889.86,33275.86,-349.93
2024-02,Northeast,Pet Supplies,82771.19,0.09,0.56,75415.53,0.0947,0.5663,75321.78,42180.2,33141.58,68273.68,38663.38,29610.3,-3531.28
2024-03,Northeast,Pet Supplies,90064.43,0.09,0.56,94191.5,0.0641,0.5528,81958.63,45896.83,36061.8,88153.82,48731.43,39422.39,3360.59
2024-04,Northeast,Pet Supplies,93640.13,0.09,0.56,92307.32,0.1061,0.5526,85212.52,47719.01,37493.51,82513.51,45596.97,36916.54,-576.97
2024-05,Northeast,Pet Supplies,96297.65,0.09,0.56,101109.48,0.0906,0.5728,87630.86,49073.28,38557.58,91948.96,52668.36,39280.6,723.02
2024-06,Northeast,Pet Supplies,98985.03,0.09,0.56,88913.36,0.0954,0.5491,90076.38,50442.77,39633.61,80431.03,44164.68,36266.35,-3367.26
2024-07,Northeast,Pet Supplies,97790.64,0.09,0.56,105692.35,0.0778,0.5736,88989.48,49834.11,39155.37,97469.49,55908.5,41560.99,2405.62
2024-08,Northeast,Pet Supplies,101493.24,0.09,0.56,103931.64,0.0696,0.5629,92358.85,51720.96,40637.89,96698.0,54431.3,42266.7,1628.81
2024-09,Northeast,Pet Supplies,104247.8,0.09,0.56,98269.55,0.0945,0.547,94865.5,53124.68,41740.82,88983.08,48673.74,40309.34,-1431.48
2024-10,Northeast,Pet Supplies,110033.13,0.09,0.56,121340.42,0.0763,0.551,100130.15,56072.88,44057.27,112082.15,61757.26,50324.89,6267.62
2024-11,Northeast,Pet Supplies,131009.59,0.09,0.56,126292.47,0.0925,0.5649,119218.73,66762.49,52456.24,114610.42,64743.43,49866.99,-2589.25
2024-12,Northeast,Pet Supplies,123858.19,0.09,0.56,116723.47,0.0778,0.5665,112710.95,63118.13,49592.82,107642.38,60979.41,46662.97,-2929.85
2025-01,Northeast,Pet Supplies,92042.64,0.09,0.56,91292.91,0.0982,0.5653,83758.8,46904.93,36853.87,82327.95,46539.99,35787.96,-1065.91
2025-02,Northeast,Pet Supplies,90654.16,0.09,0.56,92487.21,0.0859,0.5557,82495.29,46197.36,36297.93,84542.56,46980.3,37562.26,1264.33
2025-03,Northeast,Pet Supplies,98574.45,0.09,0.56,102863.53,0.0793,0.5568,89702.75,50233.54,39469.21,94706.45,52732.55,41973.9,2504.69
2025-04,Northeast,Pet Supplies,102418.9,0.09,0.56,114424.33,0.0909,0.5543,93201.2,52192.67,41008.53,104023.16,57660.04,46363.12,5354.59
2025-05,Northeast,Pet Supplies,105255.57,0.09,0.56,100710.57,0.0751,0.5585,95782.57,53638.24,42144.33,93147.21,52022.72,41124.49,-1019.84
2025-06,Northeast,Pet Supplies,108122.1,0.09,0.56,98313.51,0.1066,0.5563,98391.11,55099.02,43292.09,87833.29,48861.66,38971.63,-4320.46
2025-07,Northeast,Pet Supplies,106748.56,0.09,0.56,108402.86,0.1005,0.5667,97141.19,54399.07,42742.12,97508.37,55257.99,42250.38,-491.74
2025-08,Northeast,Pet Supplies,110719.9,0.09,0.56,103613.04,0.0861,0.5678,100755.11,56422.86,44332.25,94691.96,53766.09,40925.87,-3406.38
2025-09,Northeast,Pet Supplies,113653.62,0.09,0.56,105992.74,0.0829,0.5642,103424.79,57917.88,45506.91,97205.94,54843.59,42362.35,-3144.56
2025-10,Northeast,Pet Supplies,119886.84,0.09,0.56,119528.83,0.0789,0.57,109097.02,61094.33,48002.69,110098.01,62755.87,47342.14,-660.55
2025-11,Northeast,Pet Supplies,142654.89,0.09,0.56,152137.01,0.0801,0.5571,129815.95,72696.93,57119.02,139950.84,77966.61,61984.23,4865.21
2025-12,Northeast,Pet Supplies,134786.85,0.09,0.56,128983.97,0.1086,0.5552,122656.03,68687.38,53968.65,114976.31,63834.85,51141.46,-2827.19
2024-01,Midwest,Electronics Accessories,192953.99,0.1,0.62,185712.67,0.1138,0.6257,173658.59,107668.33,65990.26,164578.57,102976.81,61601.76,-4388.5
2024-02,Midwest,Electronics Accessories,190175.45,0.1,0.62,187932.27,0.1175,0.6151,171157.91,106117.9,65040.01,165850.23,102014.48,63835.75,-1204.26
2024-03,Midwest,Electronics Accessories,206932.43,0.1,0.62,203245.56,0.0803,0.6279,186239.19,115468.3,70770.89,186924.94,117370.17,69554.77,-1216.12
2024-04,Midwest,Electronics Accessories,215147.99,0.1,0.62,227105.63,0.0983,0.6203,193633.19,120052.58,73580.61,204781.15,127025.75,77755.4,4174.79
2024-05,Midwest,Electronics Accessories,221253.91,0.1,0.62,221379.0,0.0725,0.6166,199128.52,123459.68,75668.84,205329.02,126605.87,78723.15,3054.31
2024-06,Midwest,Electronics Accessories,227428.43,0.1,0.62,212988.89,0.0892,0.6162,204685.59,126905.07,77780.52,193990.28,119536.81,74453.47,-3327.05
2024-07,Midwest,Electronics Accessories,224684.2,0.1,0.62,251618.72,0.106,0.6227,202215.78,125373.78,76842.0,224947.14,140074.58,84872.56,8030.56
2024-08,Midwest,Electronics Accessories,233191.33,0.1,0.62,225738.63,0.0793,0.6139,209872.2,130120.76,79751.44,207837.56,127591.48,80246.08,494.64
2024-09,Midwest,Electronics Accessories,239520.22,0.1,0.62,219515.52,0.1133,0.6211,215568.2,133652.28,81915.92,194644.41,120893.64,73750.77,-8165.15
2024-10,Midwest,Electronics Accessories,252812.6,0.1,0.62,260273.72,0.1009,0.6297,227531.34,141069.43,86461.91,234012.1,147357.42,86654.68,192.77
2024-11,Midwest,Electronics Accessories,301008.22,0.1,0.62,301644.82,0.0874,0.6173,270907.4,167962.59,102944.81,275281.06,169931.0,105350.06,2405.25
2024-12,Midwest,Electronics Accessories,284577.12,0.1,0.62,293479.56,0.1013,0.6224,256119.41,158794.03,97325.38,263750.08,164158.05,99592.03,2266.65
2025-01,Midwest,Electronics Accessories,211477.57,0.1,0.62,210540.03,0.0885,0.6071,190329.81,118004.48,72325.33,191907.24,116506.89,75400.35,3075.02
2025-02,Midwest,Electronics Accessories,208287.4,0.1,0.62,208508.77,0.0967,0.6263,187458.66,116224.37,71234.29,188345.97,117961.08,70384.89,-849.4
2025-03,Midwest,Electronics Accessories,226485.1,0.1,0.62,228388.27,0.1128,0.6478,203836.59,126378.69,77457.9,202626.07,131261.17,71364.9,-6093.0
2025-04,Midwest,Electronics Accessories,235318.11,0.1,0.62,245936.3,0.119,0.6283,211786.3,131307.51,80478.79,216669.88,136133.69,80536.19,57.4
2025-05,Midwest,Electronics Accessories,241835.67,0.1,0.62,214943.04,0.089,0.6348,217652.1,134944.3,82707.8,195813.11,124302.16,71510.95,-11196.85
2025-06,Midwest,Electronics Accessories,248421.83,0.1,0.62,250034.77,0.0942,0.6117,223579.65,138619.38,84960.27,226481.49,138538.73,87942.76,2982.49
2025-07,Midwest,Electronics Accessories,245265.96,0.1,0.62,245337.31,0.0976,0.6241,220739.36,136858.4,83880.96,221392.39,138170.99,83221.4,-659.56
2025-08,Midwest,Electronics Accessories,254390.54,0.1,0.62,282481.36,0.0998,0.621,228951.49,141949.92,87001.57,254289.72,157913.92,96375.8,9374.23
2025-09,Midwest,Electronics Accessories,261131.07,0.1,0.62,251440.07,0.1051,0.6293,235017.96,145711.14,89306.82,225013.72,141601.13,83412.59,-5894.23
2025-10,Midwest,Electronics Accessories,275452.54,0.1,0.62,292675.94,0.0926,0.6254,247907.29,153702.52,94204.77,265574.15,166090.07,99484.08,5279.31
2025-11,Midwest,Electronics Accessories,327764.51,0.1,0.62,343314.19,0.09,0.6192,294988.06,182892.6,112095.46,312415.91,193447.93,118967.98,6872.52
2025-12,Midwest,Electronics Accessories,309686.86,0.1,0.62,299074.77,0.0917,0.6121,278718.17,172805.27,105912.9,271649.61,166276.73,105372.88,-540.02
2024-01,Midwest,Home & Kitchen,119568.45,0.12,0.58,123200.06,0.1242,0.5796,105220.24,61027.74,44192.5,107898.61,62538.03,45360.58,1168.08
2024-02,Midwest,Home & Kitchen,117846.67,0.12,0.58,123135.31,0.1309,0.5879,103705.07,60148.94,43556.13,107016.9,62915.24,44101.66,545.53
2024-03,Midwest,Home & Kitchen,128230.52,0.12,0.58,136564.76,0.1153,0.5736,112842.86,65448.86,47394.0,120818.84,69301.69,51517.15,4123.15
2024-04,Midwest,Home & Kitchen,133321.48,0.12,0.58,139506.34,0.1314,0.6013,117322.9,68047.28,49275.62,121175.21,72862.65,48312.56,-963.06
2024-05,Midwest,Home & Kitchen,137105.16,0.12,0.58,136754.7,0.1187,0.5757,120652.54,69978.47,50674.07,120521.92,69384.47,51137.45,463.38
2024-06,Midwest,Home & Kitchen,140931.35,0.12,0.58,144907.69,0.1344,0.5729,124019.59,71931.36,52088.23,125432.1,71860.05,53572.05,1483.82
2024-07,Midwest,Home & Kitchen,139230.82,0.12,0.58,134958.36,0.1054,0.577,122523.12,71063.41,51459.71,120733.75,69663.37,51070.38,-389.33
2024-08,Midwest,Home & Kitchen,144502.46,0.12,0.58,138015.87,0.1225,0.5756,127162.16,73754.05,53408.11,121108.93,69710.3,51398.63,-2009.48
2024-09,Midwest,Home & Kitchen,148424.3,0.12,0.58,145149.1,0.1304,0.5983,130613.38,75755.76,54857.62,126221.66,75518.42,50703.24,-4154.38
2024-10,Midwest,Home & Kitchen,156661.24,0.12,0.58,151174.25,0.1161,0.5974,137861.89,79959.9,57901.99,133622.92,79826.33,53796.59,-4105.4
2024-11,Midwest,Home & Kitchen,186526.78,0.12,0.58,178859.45,0.117,0.577,164143.57,95203.27,68940.3,157932.89,91127.28,66805.61,-2134.69
2024-12,Midwest,Home & Kitchen,176344.87,0.12,0.58,191080.35,0.1118,0.5849,155183.49,90006.42,65177.07,169717.57,99267.81,70449.76,5272.69
2025-01,Midwest,Home & Kitchen,131047.02,0.12,0.58,119411.05,0.1368,0.584,115321.38,66886.4,48434.98,103075.62,60196.16,42879.46,-5555.52
2025-02,Midwest,Home & Kitchen,129070.16,0.12,0.58,131578.61,0.1134,0.601,113581.74,65877.41,47704.33,116657.6,70111.22,46546.38,-1157.95
2025-03,Midwest,Home & Kitchen,140346.79,0.12,0.58,143321.21,0.1283,0.5889,123505.18,71633.0,51872.18,124933.1,73573.1,51360.0,-512.18
2025-04,Midwest,Home & Kitchen,145820.37,0.12,0.58,137420.39,0.1425,0.573,128321.93,74426.72,53895.21,117837.98,67521.16,50316.82,-3578.39
2025-05,Midwest,Home & Kitchen,149859.13,0.12,0.58,160293.9,0.1243,0.5894,131876.03,76488.1,55387.93,140369.37,82733.71,57635.66,2247.73
2025-06,Midwest,Home & Kitchen,153940.39,0.12,0.58,146396.83,0.1368,0.5841,135467.54,78571.17,56896.37,126369.74,73812.57,52557.17,-4339.2
2025-07,Midwest,Home & Kitchen,151984.79,0.12,0.58,153690.6,0.1275,0.58,133746.62,77573.04,56173.58,134095.05,77775.13,56319.92,146.34
2025-08,Midwest,Home & Kitchen,157639.05,0.12,0.58,144264.81,0.1266,0.5879,138722.36,80458.97,58263.39,126000.89,74075.92,51924.97,-6338.42
2025-09,Midwest,Home & Kitchen,161815.97,0.12,0.58,150610.14,0.1158,0.572,142398.05,82590.87,59807.18,133169.49,76172.95,56996.54,-2810.64
2025-10,Midwest,Home & Kitchen,170690.61,0.12,0.58,163674.16,0.1123,0.5788,150207.74,87120.49,63087.25,145293.55,84095.91,61197.64,-1889.61
2025-11,Midwest,Home & Kitchen,203106.94,0.12,0.58,206176.96,0.128,0.587,178734.11,103665.78,75068.33,179786.31,105534.56,74251.75,-816.58
2025-12,Midwest,Home & Kitchen,191904.71,0.12,0.58,206999.9,0.1196,0.575,168876.14,97948.16,70927.98,182242.71,104789.56,77453.15,6525.17
2024-01,Midwest,Office Supplies,91701.44,0.08,0.55,86150.02,0.0651,0.5554,84365.32,46400.93,37964.39,80541.65,44732.83,35808.82,-2155.57
2024-02,Midwest,Office Supplies,90380.94,0.08,0.55,94249.94,0.0826,0.5536,83150.46,45732.75,37417.71,86464.89,47866.96,38597.93,1180.22
2024-03,Midwest,Office Supplies,98344.7,0.08,0.55,95516.62,0.0832,0.5344,90477.12,49762.42,40714.7,87569.64,46797.22,40772.42,57.72
2024-04,Midwest,Office Supplies,102249.14,0.08,0.55,106082.77,0.084,0.555,94069.21,51738.07,42331.14,97171.82,53930.36,43241.46,910.32
2024-05,Midwest,Office Supplies,105150.98,0.08,0.55,109005.14,0.0799,0.538,96738.9,53206.4,43532.5,100295.63,53959.05,46336.58,2804.08
2024-06,Midwest,Office Supplies,108085.43,0.08,0.55,109244.76,0.0769,0.563,99438.6,54691.23,44747.37,100843.84,56775.08,44068.76,-678.61
2024-07,Midwest,Office Supplies,106781.23,0.08,0.55,108580.94,0.0809,0.5398,98238.73,54031.3,44207.43,99796.74,53870.28,45926.46,1719.03
2024-08,Midwest,Office Supplies,110824.24,0.08,0.55,100462.56,0.0819,0.5444,101958.3,56077.07,45881.23,92234.68,50212.56,42022.12,-3859.11
2024-09,Midwest,Office Supplies,113832.05,0.08,0.55,117934.65,0.0887,0.543,104725.49,57599.02,47126.47,107473.85,58358.3,49115.55,1989.08
2024-10,Midwest,Office Supplies,120149.26,0.08,0.55,127695.98,0.076,0.5446,110537.32,60795.53,49741.79,117991.09,64257.95,53733.14,3991.35
2024-11,Midwest,Office Supplies,143054.24,0.08,0.55,142329.17,0.08,0.5515,131609.9,72385.45,59224.45,130942.84,72214.98,58727.86,-496.59
2024-12,Midwest,Office Supplies,135245.36,0.08,0.55,140958.76,0.0823,0.5362,124425.73,68434.15,55991.58,129357.85,69361.68,59996.17,4004.59
2025-01,Midwest,Office Supplies,100504.78,0.08,0.55,104506.92,0.0867,0.5488,92464.4,50855.42,41608.98,95446.17,52380.86,43065.31,1456.33
2025-02,Midwest,Office Supplies,98988.65,0.08,0.55,105203.82,0.0745,0.5623,91069.56,50088.26,40981.3,97366.14,54748.98,42617.16,1635.86
2025-03,Midwest,Office Supplies,107637.11,0.08,0.55,103457.46,0.084,0.5295,99026.14,54464.38,44561.76,94767.03,50179.14,44587.89,26.13
2025-04,Midwest,Office Supplies,111835.0,0.08,0.55,108944.37,0.0728,0.5489,102888.2,56588.51,46299.69,101013.22,55446.16,45567.06,-732.63
2025-05,Midwest,Office Supplies,114932.47,0.08,0.55,119582.38,0.071,0.5646,105737.87,58155.83,47582.04,111092.03,62722.56,48369.47,787.43
2025-06,Midwest,Office Supplies,118062.55,0.08,0.55,122634.8,0.0753,0.5547,108617.55,59739.65,48877.9,113400.4,62903.2,50497.2,1619.3
2025-07,Midwest,Office Supplies,116562.72,0.08,0.55,124950.87,0.075,0.5445,107237.7,58980.74,48256.96,115579.55,62933.06,52646.49,4389.53
2025-08,Midwest,Office Supplies,120899.18,0.08,0.55,119487.36,0.0742,0.5561,111227.25,61174.99,50052.26,110621.4,61516.56,49104.84,-947.42
2025-09,Midwest,Office Supplies,124102.61,0.08,0.55,124283.89,0.082,0.5435,114174.4,62795.92,51378.48,114092.61,62009.33,52083.28,704.8
2025-10,Midwest,Office Supplies,130908.9,0.08,0.55,126301.4,0.0859,0.548,120436.19,66239.9,54196.29,115452.11,63267.76,52184.35,-2011.94
2025-11,Midwest,Office Supplies,155770.18,0.08,0.55,154152.69,0.0733,0.5465,143308.57,78819.71,64488.86,142853.3,78069.33,64783.97,295.11
2025-12,Midwest,Office Supplies,147178.77,0.08,0.55,157622.12,0.0801,0.5518,135404.47,74472.46,60932.01,144996.59,80009.12,64987.47,4055.46
2024-01,Midwest,Personal Care,113949.83,0.11,0.54,114066.33,0.1038,0.5347,101415.35,54764.29,46651.06,102226.24,54660.37,47565.87,914.81
2024-02,Midwest,Personal Care,112308.95,0.11,0.54,115438.92,0.1026,0.5489,99954.97,53975.68,45979.29,103594.89,56863.24,46731.65,752.36
2024-03,Midwest,Personal Care,122204.86,0.11,0.54,121956.45,0.0949,0.5477,108762.33,58731.66,50030.67,110382.78,60456.65,49926.13,-104.54
2024-04,Midwest,Personal Care,127056.59,0.11,0.54,125196.58,0.0974,0.5517,113080.37,61063.4,52016.97,113002.43,62343.44,50658.99,-1357.98
2024-05,Midwest,Personal Care,130662.47,0.11,0.54,130646.83,0.1152,0.5398,116289.6,62796.38,53493.22,115596.32,62398.89,53197.43,-295.79
2024-06,Midwest,Personal Care,134308.86,0.11,0.54,134150.87,0.1067,0.5264,119534.89,64548.84,54986.05,119836.97,63082.18,56754.79,1768.74
2024-07,Midwest,Personal Care,132688.24,0.11,0.54,126149.83,0.1141,0.5396,118092.53,63769.97,54322.56,111756.13,60303.61,51452.52,-2870.04
2024-08,Midwest,Personal Care,137712.16,0.11,0.54,132543.2,0.1062,0.5364,122563.82,66184.46,56379.36,118467.11,63545.76,54921.35,-1458.01
2024-09,Midwest,Personal Care,141449.72,0.11,0.54,140103.27,0.1274,0.5367,125890.25,67980.74,57909.51,122254.11,65613.78,56640.33,-1269.18
2024-10,Midwest,Personal Care,149299.59,0.11,0.54,153745.69,0.1075,0.5301,132876.64,71753.39,61123.25,137218.03,72739.28,64478.75,3355.5
2024-11,Midwest,Personal Care,177761.73,0.11,0.54,177057.31,0.1107,0.5406,158207.94,85432.29,72775.65,157457.07,85121.29,72335.78,-439.87
2024-12,Midwest,Personal Care,168058.27,0.11,0.54,154820.74,0.1048,0.538,149571.86,80768.8,68803.06,138595.53,74564.4,64031.13,-4771.93
2025-01,Midwest,Personal Care,124889.01,0.11,0.54,141656.57,0.1311,0.5373,111151.22,60021.66,51129.56,123085.39,66133.78,56951.61,5822.05
2025-02,Midwest,Personal Care,123005.04,0.11,0.54,124945.13,0.1121,0.5439,109474.49,59116.22,50358.27,110938.78,60339.6,50599.18,240.91
2025-03,Midwest,Personal Care,133751.77,0.11,0.54,131647.53,0.1044,0.543,119039.08,64281.1,54757.98,117903.53,64021.62,53881.91,-876.07
2025-04,Midwest,Personal Care,138968.14,0.11,0.54,139780.23,0.1121,0.5456,123681.64,66788.09,56893.55,124110.87,67714.89,56395.98,-497.57
2025-05,Midwest,Personal Care,142817.11,0.11,0.54,142843.65,0.0957,0.5262,127107.23,68637.9,58469.33,129173.51,67971.1,61202.41,2733.08
2025-06,Midwest,Personal Care,146706.6,0.11,0.54,147016.85,0.1099,0.5378,130568.87,70507.19,60061.68,130859.7,70376.35,60483.35,421.67
2025-07,Midwest,Personal Care,144842.89,0.11,0.54,149101.47,0.1057,0.5359,128910.17,69611.49,59298.68,133341.44,71457.68,61883.76,2585.08
2025-08,Midwest,Personal Care,150231.45,0.11,0.54,153871.18,0.117,0.543,133705.99,72201.23,61504.76,135868.25,73776.46,62091.79,587.03
2025-09,Midwest,Personal Care,154212.1,0.11,0.54,155548.97,0.1099,0.5277,137248.77,74114.34,63134.43,138454.14,73062.25,65391.89,2257.46
2025-10,Midwest,Personal Care,162669.71,0.11,0.54,171854.2,0.0999,0.5355,144776.04,78179.06,66596.98,154685.97,82834.34,71851.63,5254.65
2025-11,Midwest,Personal Care,193562.77,0.11,0.54,184593.66,0.0935,0.5369,172270.87,93026.27,79244.6,167334.15,89841.71,77492.44,-1752.16
2025-12,Midwest,Personal Care,182886.94,0.11,0.54,202097.06,0.1012,0.5223,162769.38,87895.47,74873.91,181644.84,94873.1,86771.74,11897.83
2024-01,Midwest,Outdoor & Sporting,85530.55,0.13,0.6,86768.06,0.1532,0.5976,74411.58,44646.95,29764.63,73475.19,43908.77,29566.42,-198.21
2024-02,Midwest,Outdoor & Sporting,84298.91,0.13,0.6,80190.66,0.151,0.5963,73340.05,44004.03,29336.02,68081.87,40597.22,27484.65,-1851.37
2024-03,Midwest,Outdoor & Sporting,91726.77,0.13,0.6,82811.39,0.1512,0.5948,79802.29,47881.37,31920.92,70290.31,41808.68,28481.63,-3439.29
2024-04,Midwest,Outdoor & Sporting,95368.47,0.13,0.6,96808.01,0.1424,0.5864,82970.57,49782.34,33188.23,83022.55,48684.42,34338.13,1149.9
2024-05,Midwest,Outdoor & Sporting,98075.03,0.13,0.6,101930.01,0.1407,0.6004,85325.28,51195.17,34130.11,87588.46,52588.11,35000.35,870.24
2024-06,Midwest,Outdoor & Sporting,100812.01,0.13,0.6,99165.48,0.1606,0.6243,87706.45,52623.87,35082.58,83239.5,51966.42,31273.08,-3809.5
2024-07,Midwest,Outdoor & Sporting,99595.58,0.13,0.6,98580.53,0.1627,0.5967,86648.15,51988.89,34659.26,82541.48,49252.5,33288.98,-1370.28
2024-08,Midwest,Outdoor & Sporting,103366.52,0.13,0.6,101381.46,0.1281,0.5966,89928.87,53957.32,35971.55,88394.49,52736.15,35658.34,-313.21
2024-09,Midwest,Outdoor & Sporting,106171.93,0.13,0.6,109603.87,0.1359,0.6054,92369.58,55421.75,36947.83,94708.7,57336.65,37372.05,424.22
2024-10,Midwest,Outdoor & Sporting,112064.03,0.13,0.6,113837.33,0.1385,0.5875,97495.71,58497.43,38998.28,98070.86,57616.63,40454.23,1455.95
2024-11,Midwest,Outdoor & Sporting,133427.66,0.13,0.6,123730.7,0.1514,0.6027,116082.06,69649.24,46432.82,104997.87,63282.22,41715.65,-4717.17
2024-12,Midwest,Outdoor & Sporting,126144.26,0.13,0.6,129044.29,0.1511,0.6057,109745.51,65847.31,43898.2,109545.7,66351.83,43193.87,-704.33
2025-01,Midwest,Outdoor & Sporting,93741.49,0.13,0.6,94164.25,0.1453,0.6127,81555.1,48933.06,32622.04,80482.18,49311.43,31170.75,-1451.29
2025-02,Midwest,Outdoor & Sporting,92327.38,0.13,0.6,94630.4,0.1511,0.6063,80324.82,48194.89,32129.93,80331.75,48705.14,31626.61,-503.32
2025-03,Midwest,Outdoor & Sporting,100393.86,0.13,0.6,96200.75,0.1651,0.6075,87342.66,52405.6,34937.06,80318.01,48793.19,31524.82,-3412.24
2025-04,Midwest,Outdoor & Sporting,104309.26,0.13,0.6,108855.68,0.1904,0.6044,90749.06,54449.44,36299.62,88129.56,53265.51,34864.05,-1435.57
2025-05,Midwest,Outdoor & Sporting,107198.29,0.13,0.6,114888.41,0.1651,0.5854,93262.51,55957.51,37305.0,95920.33,56151.76,39768.57,2463.57
2025-06,Midwest,Outdoor & Sporting,110117.74,0.13,0.6,98391.43,0.169,0.5985,95802.43,57481.46,38320.97,81763.28,48935.32,32827.96,-5493.01
2025-07,Midwest,Outdoor & Sporting,108718.84,0.13,0.6,114129.2,0.1469,0.5933,94585.39,56751.23,37834.16,97363.62,57765.84,39597.78,1763.62
2025-08,Midwest,Outdoor & Sporting,112763.48,0.13,0.6,112662.36,0.1662,0.5945,98104.23,58862.54,39241.69,93937.88,55846.07,38091.81,-1149.88
2025-09,Midwest,Outdoor & Sporting,115751.35,0.13,0.6,115477.08,0.1718,0.6047,100703.67,60422.2,40281.47,95638.12,57832.37,37805.75,-2475.72
2025-10,Midwest,Outdoor & Sporting,122099.62,0.13,0.6,120664.01,0.153,0.6043,106226.67,63736.0,42490.67,102202.42,61760.92,40441.5,-2049.17
2025-11,Midwest,Outdoor & Sporting,145287.9,0.13,0.6,142833.23,0.1687,0.5984,126400.47,75840.28,50560.19,118737.26,71052.38,47684.88,-2875.31
2025-12,Midwest,Outdoor & Sporting,137274.64,0.13,0.6,139124.68,0.1807,0.5955,119428.94,71657.36,47771.58,113984.85,67877.98,46106.87,-1664.71
2024-01,Midwest,Pet Supplies,90030.42,0.09,0.56,88467.6,0.0943,0.5781,81927.68,45879.5,36048.18,80125.11,46320.33,33804.78,-2243.4
2024-02,Midwest,Pet Supplies,88733.99,0.09,0.56,77793.69,0.0899,0.5615,80747.93,45218.84,35529.09,70800.04,39754.22,31045.82,-4483.27
2024-03,Midwest,Pet Supplies,96552.63,0.09,0.56,99925.4,0.0753,0.5517,87862.89,49203.22,38659.67,92401.02,50977.64,41423.38,2763.71
2024-04,Midwest,Pet Supplies,100385.92,0.09,0.56,101257.79,0.0902,0.5663,91351.19,51156.67,40194.52,92124.34,52170.01,39954.33,-240.19
2024-05,Midwest,Pet Supplies,103234.89,0.09,0.56,106747.69,0.1036,0.5578,93943.75,52608.5,41335.25,95688.63,53375.12,42313.51,978.26
2024-06,Midwest,Pet Supplies,106115.86,0.09,0.56,96436.21,0.0924,0.5584,96565.43,54076.64,42488.79,87525.5,48874.24,38651.26,-3837.53
2024-07,Midwest,Pet Supplies,104835.43,0.09,0.56,107483.71,0.0926,0.5683,95400.24,53424.13,41976.11,97530.72,55426.71,42104.01,127.9
2024-08,Midwest,Pet Supplies,108804.77,0.09,0.56,105068.69,0.0813,0.5711,99012.34,55446.91,43565.43,96526.61,55126.35,41400.26,-2165.17
2024-09,Midwest,Pet Supplies,111757.77,0.09,0.56,116465.55,0.0933,0.5541,101699.57,56951.76,44747.81,105599.31,58512.58,47086.73,2338.92
2024-10,Midwest,Pet Supplies,117959.86,0.09,0.56,119768.64,0.0779,0.5565,107343.47,60112.34,47231.13,110438.66,61459.11,48979.55,1748.42
2024-11,Midwest,Pet Supplies,140447.46,0.09,0.56,151027.88,0.0837,0.572,127807.19,71572.03,56235.16,138386.85,79157.28,59229.57,2994.41
2024-12,Midwest,Pet Supplies,132780.87,0.09,0.56,140611.66,0.0832,0.5436,120830.59,67665.13,53165.46,128912.77,70076.98,58835.79,5670.33
2025-01,Midwest,Pet Supplies,98673.34,0.09,0.56,104149.92,0.0872,0.558,89792.74,50283.93,39508.81,95068.05,53047.97,42020.08,2511.27
2025-02,Midwest,Pet Supplies,97184.84,0.09,0.56,86591.85,0.0812,0.5621,88438.2,49525.39,38912.81,79560.59,44721.01,34839.58,-4073.23
2025-03,Midwest,Pet Supplies,105675.71,0.09,0.56,112645.65,0.0872,0.5536,96164.9,53852.34,42312.56,102822.95,56922.79,45900.16,3587.6
2025-04,Midwest,Pet Supplies,109797.1,0.09,0.56,113620.98,0.0956,0.5649,99915.36,55952.6,43962.76,102758.81,58048.45,44710.36,747.6
2025-05,Midwest,Pet Supplies,112838.13,0.09,0.56,112639.77,0.0867,0.561,102682.7,57502.31,45180.39,102873.9,57712.26,45161.64,-18.75
2025-06,Midwest,Pet Supplies,115911.17,0.09,0.56,123301.79,0.1035,0.5616,105479.16,59068.33,46410.83,110540.05,62079.29,48460.76,2049.93
2025-07,Midwest,Pet Supplies,114438.67,0.09,0.56,115958.54,0.0744,0.5739,104139.19,58317.95,45821.24,107331.22,61597.39,45733.83,-87.41
2025-08,Midwest,Pet Supplies,118696.11,0.09,0.56,121320.21,0.0919,0.5609,108013.46,60487.54,47525.92,110170.88,61794.85,48376.03,850.11
2025-09,Midwest,Pet Supplies,121841.17,0.09,0.56,125119.2,0.0771,0.5774,110875.46,62090.26,48785.2,115472.51,66673.83,48798.68,13.48
2025-10,Midwest,Pet Supplies,128523.43,0.09,0.56,125444.27,0.0954,0.5638,116956.32,65495.54,51460.78,113476.89,63978.27,49498.62,-1962.16
2025-11,Midwest,Pet Supplies,152931.68,0.09,0.56,155333.19,0.0771,0.5599,139167.83,77933.98,61233.85,143357.0,80265.58,63091.42,1857.57
2025-12,Midwest,Pet Supplies,144496.83,0.09,0.56,134460.01,0.0761,0.56,131492.12,73635.59,57856.53,124227.6,69567.46,54660.14,-3196.39
2024-01,South,Electronics Accessories,247322.79,0.1,0.62,257980.38,0.1183,0.6191,222590.51,138006.12,84584.39,227461.3,140821.29,86640.01,2055.62
2024-02,South,Electronics Accessories,243761.34,0.1,0.62,243208.18,0.0818,0.6177,219385.21,136018.83,83366.38,223313.75,137940.9,85372.85,2006.47
2024-03,South,Electronics Accessories,265239.95,0.1,0.62,271940.85,0.1034,0.63,238715.96,148003.9,90712.06,243822.17,153607.97,90214.2,-497.86
2024-04,South,Electronics Accessories,275770.4,0.1,0.62,263763.79,0.1032,0.6137,248193.36,153879.88,94313.48,236543.37,145166.67,91376.7,-2936.78
2024-05,South,Electronics Accessories,283596.8,0.1,0.62,273577.58,0.1001,0.6125,255237.12,158247.01,96990.11,246192.46,150792.88,95399.58,-1590.53
2024-06,South,Electronics Accessories,291511.12,0.1,0.62,296305.98,0.0968,0.6019,262360.01,162663.21,99696.8,267623.56,161082.62,106540.94,6844.14
2024-07,South,Electronics Accessories,287993.65,0.1,0.62,309426.32,0.0849,0.6176,259194.29,160700.46,98493.83,283156.03,174877.16,108278.87,9785.04
2024-08,South,Electronics Accessories,298897.83,0.1,0.62,276921.28,0.0846,0.6171,269008.05,166784.99,102223.06,253493.74,156430.99,97062.75,-5160.31
2024-09,South,Electronics Accessories,307010.02,0.1,0.62,283197.67,0.0945,0.6206,276309.02,171311.59,104997.43,256435.49,159143.87,97291.62,-7705.81
2024-10,South,Electronics Accessories,324047.81,0.1,0.62,313879.87,0.0991,0.6133,291643.03,180818.68,110824.35,282774.37,173425.52,109348.85,-1475.5
2024-11,South,Electronics Accessories,385823.55,0.1,0.62,408489.35,0.0852,0.6172,347241.2,215289.54,131951.66,373686.06,230639.04,143047.02,11095.36
2024-12,South,Electronics Accessories,364762.64,0.1,0.62,367435.78,0.0945,0.6001,328286.38,203537.56,124748.82,332713.1,199661.13,133051.97,8303.15
2025-01,South,Electronics Accessories,271065.77,0.1,0.62,288904.59,0.118,0.6148,243959.19,151254.7,92704.49,254813.85,156659.55,98154.3,5449.81
2025-02,South,Electronics Accessories,266976.7,0.1,0.62,264107.27,0.1067,0.6079,240279.03,148973.0,91306.03,235927.02,143420.04,92506.98,1200.95
2025-03,South,Electronics Accessories,290301.99,0.1,0.62,277525.0,0.1116,0.6258,261271.79,161988.51,99283.28,246553.21,154293.0,92260.21,-7023.07
2025-04,South,Electronics Accessories,301623.88,0.1,0.62,298182.12,0.1055,0.6245,271461.49,168306.12,103155.37,266723.91,166569.08,100154.83,-3000.54
2025-05,South,Electronics Accessories,309977.89,0.1,0.62,316820.35,0.0846,0.6176,278980.1,172967.66,106012.44,290017.35,179114.72,110902.63,4890.19
2025-06,South,Electronics Accessories,318419.84,0.1,0.62,301823.96,0.102,0.6078,286577.86,177678.27,108899.59,271037.92,164736.85,106301.07,-2598.52
2025-07,South,Electronics Accessories,314374.74,0.1,0.62,317983.67,0.1025,0.6056,282937.27,175421.11,107516.16,285390.34,172832.39,112557.95,5041.79
2025-08,South,Electronics Accessories,326070.36,0.1,0.62,327424.35,0.1114,0.6281,293463.32,181947.26,111516.06,290949.28,182745.24,108204.04,-3312.02
2025-09,South,Electronics Accessories,334710.17,0.1,0.62,332263.91,0.1249,0.6103,301239.15,186768.27,114470.88,290764.15,177453.36,113310.79,-1160.09
2025-10,South,Electronics Accessories,353067.02,0.1,0.62,363233.21,0.0942,0.6012,317760.32,197011.4,120748.92,329016.64,197804.8,131211.84,10462.92
2025-11,South,Electronics Accessories,420118.97,0.1,0.62,390780.66,0.1015,0.6131,378107.07,234426.38,143680.69,351116.42,215269.48,135846.94,-7833.75
2025-12,South,Electronics Accessories,396947.58,0.1,0.62,380350.32,0.1079,0.6305,357252.82,221496.75,135756.07,339310.52,213935.28,125375.24,-10380.83
2024-01,South,Home & Kitchen,154172.46,0.12,0.58,158174.71,0.1104,0.6017,135671.76,78689.62,56982.14,140712.22,84666.54,56045.68,-936.46
2024-02,South,Home & Kitchen,151952.38,0.12,0.58,153487.17,0.1099,0.569,133718.09,77556.49,56161.6,136618.93,77736.17,58882.76,2721.16
2024-03,South,Home & Kitchen,165341.4,0.12,0.58,169810.4,0.132,0.5807,145500.43,84390.25,61110.18,147395.43,85592.53,61802.9,692.72
2024-04,South,Home & Kitchen,171905.72,0.12,0.58,178859.8,0.1244,0.585,151277.03,87740.68,63536.35,156609.64,91616.64,64993.0,1456.65
2024-05,South,Home & Kitchen,176784.43,0.12,0.58,194303.64,0.1266,0.5973,155570.3,90230.77,65339.53,169704.8,101364.68,68340.12,3000.59
2024-06,South,Home & Kitchen,181717.94,0.12,0.58,189392.85,0.1266,0.5858,159911.79,92748.84,67162.95,165415.72,96900.53,68515.19,1352.24
2024-07,South,Home & Kitchen,179525.27,0.12,0.58,192089.48,0.1271,0.5856,157982.24,91629.7,66352.54,167674.91,98190.43,69484.48,3131.94
2024-08,South,Home & Kitchen,186322.56,0.12,0.58,186288.2,0.1117,0.5841,163963.85,95099.03,68864.82,165479.81,96656.76,68823.05,-41.77
2024-09,South,Home & Kitchen,191379.42,0.12,0.58,200077.54,0.1148,0.581,168413.89,97680.06,70733.83,177108.64,102900.12,74208.52,3474.69
2024-10,South,Home & Kitchen,202000.19,0.12,0.58,205693.73,0.1106,0.5711,177760.17,103100.9,74659.27,182944.0,104479.32,78464.68,3805.41
2024-11,South,Home & Kitchen,240509.04,0.12,0.58,234038.04,0.1311,0.5841,211647.96,122755.82,88892.14,203355.65,118780.04,84575.61,-4316.53
2024-12,South,Home & Kitchen,227380.4,0.12,0.58,225641.38,0.1107,0.5859,200094.75,116054.95,84039.8,200662.88,117568.38,83094.5,-945.3
2025-01,South,Home & Kitchen,168973.02,0.12,0.58,166294.55,0.1155,0.5883,148696.26,86243.83,62452.43,147087.53,86531.59,60555.94,-1896.49
2025-02,South,Home & Kitchen,166424.04,0.12,0.58,161332.99,0.1263,0.5619,146453.16,84942.83,61510.33,140956.63,79203.53,61753.1,242.77
2025-03,South,Home & Kitchen,180964.21,0.12,0.58,176141.49,0.1263,0.5806,159248.5,92364.13,66884.37,153894.82,89351.33,64543.49,-2340.88
2025-04,South,Home & Kitchen,188021.89,0.12,0.58,206581.09,0.1174,0.5772,165459.26,95966.37,69492.89,182328.47,105239.99,77088.48,7595.59
2025-05,South,Home & Kitchen,193229.49,0.12,0.58,184218.71,0.1238,0.5883,170041.95,98624.33,71417.62,161412.43,94958.93,66453.5,-4964.12
2025-06,South,Home & Kitchen,198491.91,0.12,0.58,197026.34,0.1271,0.5933,174672.88,101310.27,73362.61,171984.29,102038.28,69946.01,-3416.6
2025-07,South,Home & Kitchen,195970.33,0.12,0.58,172840.91,0.1071,0.5712,172453.89,100023.26,72430.63,154329.65,88153.1,66176.55,-6254.08
2025-08,South,Home & Kitchen,203260.98,0.12,0.58,195857.79,0.1291,0.5702,178869.66,103744.4,75125.26,170572.55,97260.47,73312.08,-1813.18
2025-09,South,Home & Kitchen,208646.73,0.12,0.58,210721.6,0.1336,0.5866,183609.12,106493.29,77115.83,182569.19,107095.09,75474.1,-1641.73
2025-10,South,Home & Kitchen,220089.76,0.12,0.58,231218.92,0.1411,0.5863,193678.99,112333.81,81345.18,198593.93,116435.62,82158.31,813.13
2025-11,South,Home & Kitchen,261887.63,0.12,0.58,244463.76,0.1266,0.5798,230461.11,133667.44,96793.67,213514.65,123795.79,89718.86,-7074.81
2025-12,South,Home & Kitchen,247443.38,0.12,0.58,248212.99,0.1135,0.5785,217750.17,126295.1,91455.07,220040.82,127293.61,92747.21,1292.14
2024-01,South,Office Supplies,124299.84,0.08,0.55,120587.94,0.0801,0.543,114355.85,62895.72,51460.13,110928.85,60234.37,50694.48,-765.65
2024-02,South,Office Supplies,122509.92,0.08,0.55,123093.68,0.0733,0.5396,112709.13,61990.02,50719.11,114070.91,61552.66,52518.25,1799.14
2024-03,South,Office Supplies,133304.67,0.08,0.55,127843.9,0.0848,0.5469,122640.3,67452.17,55188.13,117002.74,63988.8,53013.94,-2174.19
2024-04,South,Office Supplies,138597.09,0.08,0.55,138471.72,0.0753,0.5554,127509.32,70130.13,57379.19,128044.8,71116.08,56928.72,-450.47
2024-05,South,Office Supplies,142530.49,0.08,0.55,144682.65,0.0959,0.5688,131128.05,72120.43,59007.62,130807.58,74403.35,56404.23,-2603.39
2024-06,South,Office Supplies,146508.08,0.08,0.55,146259.29,0.0613,0.5507,134787.43,74133.09,60654.34,137293.6,75607.59,61686.01,1031.67
2024-07,South,Office Supplies,144740.26,0.08,0.55,156794.63,0.0804,0.5445,133161.04,73238.57,59922.47,144188.34,78510.55,65677.79,5755.32
2024-08,South,Office Supplies,150220.5,0.08,0.55,154784.06,0.0847,0.5525,138202.86,76011.57,62191.29,141673.85,78274.8,63399.05,1207.76
2024-09,South,Office Supplies,154297.54,0.08,0.55,159142.06,0.0804,0.5627,141953.74,78074.56,63879.18,146347.04,82349.48,63997.56,118.38
2024-10,South,Office Supplies,162860.41,0.08,0.55,147231.6,0.087,0.5542,149831.58,82407.37,67424.21,134422.45,74496.92,59925.53,-7498.68
2024-11,South,Office Supplies,193907.75,0.08,0.55,205321.19,0.0811,0.5489,178395.13,98117.32,80277.81,188669.64,103560.77,85108.87,4831.06
2024-12,South,Office Supplies,183322.93,0.08,0.55,188870.81,0.0572,0.5546,168657.1,92761.41,75895.69,178067.4,98756.18,79311.22,3415.53
2025-01,South,Office Supplies,136232.63,0.08,0.55,146462.44,0.0723,0.5623,125334.02,68933.71,56400.31,135873.21,76401.51,59471.7,3071.39
2025-02,South,Office Supplies,134177.54,0.08,0.55,130851.09,0.1018,0.5451,123443.34,67893.84,55549.5,117530.45,64065.85,53464.6,-2084.9
2025-03,South,Office Supplies,145900.39,0.08,0.55,149342.43,0.0754,0.5476,134228.36,73825.6,60402.76,138082.01,75613.71,62468.3,2065.54
2025-04,South,Office Supplies,151590.56,0.08,0.55,170109.76,0.0852,0.5575,139463.32,76704.83,62758.49,155616.41,86756.15,68860.26,6101.77
2025-05,South,Office Supplies,155789.13,0.08,0.55,157833.29,0.0892,0.5406,143326.0,78829.3,64496.7,143754.56,77713.72,66040.84,1544.14
2025-06,South,Office Supplies,160031.9,0.08,0.55,161993.25,0.0881,0.5527,147229.35,80976.14,66253.21,147721.64,81645.75,66075.89,-177.32
2025-07,South,Office Supplies,157998.91,0.08,0.55,162436.35,0.0833,0.5566,145359.0,79947.45,65411.55,148905.4,82880.75,66024.65,613.1
2025-08,South,Office Supplies,163876.91,0.08,0.55,174258.57,0.0943,0.545,150766.76,82921.72,67845.04,157825.99,86015.16,71810.83,3965.79
2025-09,South,Office Supplies,168219.12,0.08,0.55,164230.64,0.0824,0.5495,154761.59,85118.87,69642.72,150698.04,82808.57,67889.47,-1753.25
2025-10,South,Office Supplies,177444.93,0.08,0.55,180089.43,0.0959,0.5345,163249.34,89787.14,73462.2,162818.85,87026.68,75792.17,2329.97
2025-11,South,Office Supplies,211144.0,0.08,0.55,197168.56,0.0841,0.5604,194252.48,106838.86,87413.62,180586.68,101200.78,79385.9,-8027.72
2025-12,South,Office Supplies,199498.48,0.08,0.55,182001.16,0.0739,0.5474,183538.6,100946.23,82592.37,168551.27,92264.97,76286.3,-6306.07
2024-01,South,Personal Care,146341.95,0.11,0.54,140209.06,0.1066,0.5494,130244.34,70331.94,59912.4,125262.77,68819.37,56443.4,-3469.0
2024-02,South,Personal Care,144234.62,0.11,0.54,137898.79,0.1074,0.5513,128368.81,69319.16,59049.65,123088.46,67858.67,55229.79,-3819.86
2024-03,South,Personal Care,156943.61,0.11,0.54,143366.64,0.0997,0.5469,139679.81,75427.1,64252.71,129072.99,70590.02,58482.97,-5769.74
2024-04,South,Personal Care,163174.52,0.11,0.54,152120.39,0.108,0.5347,145225.32,78421.67,66803.65,135691.39,72554.19,63137.2,-3666.45
2024-05,South,Personal Care,167805.43,0.11,0.54,159538.6,0.1095,0.5505,149346.83,80647.29,68699.54,142069.12,78209.05,63860.07,-4839.47
2024-06,South,Personal Care,172488.37,0.11,0.54,174793.93,0.1161,0.548,153514.65,82897.91,70616.74,154500.35,84666.19,69834.16,-782.58
2024-07,South,Personal Care,170407.07,0.11,0.54,173199.69,0.0965,0.5519,151662.29,81897.64,69764.65,156485.92,86364.58,70121.34,356.69
2024-08,South,Personal Care,176859.12,0.11,0.54,184969.61,0.1143,0.5401,157404.62,84998.49,72406.13,163827.58,88483.28,75344.3,2938.17
2024-09,South,Personal Care,181659.14,0.11,0.54,181863.79,0.1182,0.552,161676.63,87305.38,74371.25,160367.49,88522.85,71844.64,-2526.61
2024-10,South,Personal Care,191740.47,0.11,0.54,184543.9,0.1178,0.5287,170649.02,92150.47,78498.55,162804.63,86074.81,76729.82,-1768.73
2024-11,South,Personal Care,228293.44,0.11,0.54,215897.49,0.0943,0.5362,203181.16,109717.83,93463.33,195538.36,104847.67,90690.69,-2772.64
2024-12,South,Personal Care,215831.61,0.11,0.54,222593.4,0.1096,0.532,192090.13,103728.67,88361.46,198197.16,105440.89,92756.27,4394.81
2025-01,South,Personal Care,160390.77,0.11,0.54,159953.97,0.1013,0.5325,142747.79,77083.81,65663.98,143750.63,76547.21,67203.42,1539.44
2025-02,South,Personal Care,157971.25,0.11,0.54,163081.53,0.145,0.5436,140594.41,75920.98,64673.43,139434.71,75796.71,63638.0,-1035.43
2025-03,South,Personal Care,171772.93,0.11,0.54,165324.12,0.1186,0.5437,152877.91,82554.07,70323.84,145716.68,79226.16,66490.52,-3833.32
2025-04,South,Personal Care,178472.13,0.11,0.54,168282.95,0.1048,0.5405,158840.2,85773.71,73066.49,150646.9,81424.65,69222.25,-3844.24
2025-05,South,Personal Care,183415.24,0.11,0.54,180342.43,0.1009,0.5415,163239.56,88149.36,75090.2,162145.88,87801.99,74343.89,-746.31
2025-06,South,Personal Care,188410.38,0.11,0.54,214705.33,0.1022,0.5338,167685.24,90550.03,77135.21,192762.45,102896.6,89865.85,12730.64
2025-07,South,Personal Care,186016.87,0.11,0.54,188072.55,0.1129,0.5467,165555.01,89399.71,76155.3,166839.16,91210.97,75628.19,-527.11
2025-08,South,Personal Care,192937.22,0.11,0.54,192657.53,0.1157,0.5475,171714.13,92725.63,78988.5,170367.05,93275.96,77091.09,-1897.41
2025-09,South,Personal Care,198049.43,0.11,0.54,199891.15,0.1063,0.5434,176263.99,95182.55,81081.44,178642.72,97074.45,81568.27,486.83
2025-10,South,Personal Care,208911.26,0.11,0.54,198901.17,0.1017,0.5372,185931.02,100402.75,85528.27,178672.92,95983.09,82689.83,-2838.44
2025-11,South,Personal Care,248586.19,0.11,0.54,272170.01,0.0908,0.537,221241.71,119470.52,101771.19,247456.97,132884.39,114572.58,12801.39
2025-12,South,Personal Care,234875.57,0.11,0.54,220350.71,0.1195,0.5392,209039.26,112881.2,96158.06,194018.8,104614.94,89403.86,-6754.2
2024-01,South,Outdoor & Sporting,94072.06,0.13,0.6,92350.55,0.1607,0.5954,81842.69,49105.61,32737.08,77509.82,46149.35,31360.47,-1376.61
2024-02,South,Outdoor & Sporting,92717.42,0.13,0.6,91863.02,0.1706,0.5981,80664.16,48398.5,32265.66,76191.19,45569.95,30621.24,-1644.42
2024-03,South,Outdoor & Sporting,100887.06,0.13,0.6,94087.39,0.1369,0.6036,87771.74,52663.04,35108.7,81206.83,49016.44,32190.39,-2918.31
2024-04,South,Outdoor & Sporting,104892.44,0.13,0.6,101865.75,0.1404,0.6019,91256.42,54753.85,36502.57,87563.8,52704.65,34859.15,-1643.42
2024-05,South,Outdoor & Sporting,107869.3,0.13,0.6,103135.08,0.175,0.6005,93846.29,56307.77,37538.52,85086.44,51094.41,33992.03,-3546.49
2024-06,South,Outdoor & Sporting,110879.6,0.13,0.6,112496.39,0.1535,0.5989,96465.25,57879.15,38586.1,95228.19,57032.16,38196.03,-390.07
2024-07,South,Outdoor & Sporting,109541.69,0.13,0.6,106957.84,0.1675,0.5871,95301.27,57180.76,38120.51,89042.4,52276.79,36765.61,-1354.9
2024-08,South,Outdoor & Sporting,113689.22,0.13,0.6,118090.08,0.1911,0.6048,98909.62,59345.77,39563.85,95523.07,57772.35,37750.72,-1813.13
2024-09,South,Outdoor & Sporting,116774.79,0.13,0.6,122626.76,0.1627,0.5961,101594.07,60956.44,40637.63,102675.39,61204.8,41470.59,832.96
2024-10,South,Outdoor & Sporting,123255.31,0.13,0.6,110558.84,0.1794,0.603,107232.12,64339.27,42892.85,90724.58,54706.92,36017.66,-6875.19
2024-11,South,Outdoor & Sporting,146752.42,0.13,0.6,150862.63,0.173,0.5786,127674.61,76604.77,51069.84,124763.4,72188.1,52575.3,1505.46
2024-12,South,Outdoor & Sporting,138741.66,0.13,0.6,139488.89,0.1803,0.6028,120705.24,72423.14,48282.1,114339.04,68923.57,45415.47,-2866.63
2025-01,South,Outdoor & Sporting,103102.98,0.13,0.6,99912.66,0.1795,0.5955,89699.59,53819.75,35879.84,81978.34,48818.1,33160.24,-2719.6
2025-02,South,Outdoor & Sporting,101547.65,0.13,0.6,106571.82,0.1901,0.6015,88346.46,53007.88,35338.58,86312.52,51916.98,34395.54,-943.04
2025-03,South,Outdoor & Sporting,110419.7,0.13,0.6,111694.47,0.1579,0.6096,96065.14,57639.08,38426.06,94057.91,57337.7,36720.21,-1705.85
2025-04,South,Outdoor & Sporting,114726.11,0.13,0.6,109311.42,0.1763,0.6031,99811.72,59887.03,39924.69,90039.82,54303.02,35736.8,-4187.89
2025-05,South,Outdoor & Sporting,117903.65,0.13,0.6,109044.18,0.2093,0.5766,102576.18,61545.71,41030.47,86221.23,49715.16,36506.07,-4524.4
2025-06,South,Outdoor & Sporting,121114.64,0.13,0.6,120491.75,0.182,0.6042,105369.74,63221.84,42147.9,98562.25,59551.31,39010.94,-3136.96
2025-07,South,Outdoor & Sporting,119576.04,0.13,0.6,123024.17,0.1899,0.5917,104031.15,62418.69,41612.46,99661.88,58969.93,40691.95,-920.51
2025-08,South,Outdoor & Sporting,124024.61,0.13,0.6,118830.23,0.1999,0.6019,107901.41,64740.85,43160.56,95076.07,57226.29,37849.78,-5310.78
2025-09,South,Outdoor & Sporting,127310.86,0.13,0.6,140224.34,0.1839,0.5922,110760.45,66456.27,44304.18,114437.08,67769.64,46667.44,2363.26
2025-10,South,Outdoor & Sporting,134293.09,0.13,0.6,121141.54,0.1857,0.6,116834.99,70100.99,46734.0,98645.56,59187.34,39458.22,-7275.78
2025-11,South,Outdoor & Sporting,159797.08,0.13,0.6,162605.21,0.2063,0.5934,139023.46,83414.08,55609.38,129059.76,76584.06,52475.7,-3133.68
2025-12,South,Outdoor & Sporting,150983.57,0.13,0.6,146062.37,0.1812,0.6076,131355.71,78813.43,52542.28,119595.87,72666.45,46929.42,-5612.86
2024-01,South,Pet Supplies,82023.03,0.09,0.56,87177.7,0.0839,0.5531,74640.96,41798.94,32842.02,79863.49,44172.5,35690.99,2848.97
2024-02,South,Pet Supplies,80841.9,0.09,0.56,83341.85,0.0835,0.5575,73566.13,41197.03,32369.1,76382.81,42583.42,33799.39,1430.29
2024-03,South,Pet Supplies,87965.14,0.09,0.56,89481.31,0.1022,0.5611,80048.28,44827.04,35221.24,80336.32,45076.71,35259.61,38.37
2024-04,South,Pet Supplies,91457.5,0.09,0.56,88939.53,0.0853,0.5508,83226.32,46606.74,36619.58,81352.99,44809.23,36543.76,-75.82
2024-05,South,Pet Supplies,94053.08,0.09,0.56,90387.88,0.0921,0.5633,85588.3,47929.45,37658.85,82063.16,46226.18,35836.98,-1821.87
2024-06,South,Pet Supplies,96677.81,0.09,0.56,102527.73,0.0829,0.5607,87976.81,49267.01,38709.8,94028.18,52721.6,41306.58,2596.78
2024-07,South,Pet Supplies,95511.26,0.09,0.56,92214.42,0.0816,0.5664,86915.25,48672.54,38242.71,84689.72,47968.26,36721.46,-1521.25
2024-08,South,Pet Supplies,99127.57,0.09,0.56,98062.71,0.0869,0.5642,90206.09,50515.41,39690.68,89541.06,50519.07,39021.99,-668.69
2024-09,South,Pet Supplies,101817.92,0.09,0.56,96649.4,0.0799,0.5485,92654.31,51886.41,40767.9,88927.11,48776.52,40150.59,-617.31
2024-10,South,Pet Supplies,107468.4,0.09,0.56,106041.58,0.1017,0.5661,97796.24,54765.89,43030.35,95257.15,53925.07,41332.08,-1698.27
2024-11,South,Pet Supplies,127955.93,0.09,0.56,113082.51,0.0811,0.5616,116439.9,65206.34,51233.56,103911.52,58356.71,45554.81,-5678.75
2024-12,South,Pet Supplies,120971.21,0.09,0.56,133537.01,0.0871,0.5663,110083.8,61646.93,48436.87,121905.94,69035.33,52870.61,4433.74
2025-01,South,Pet Supplies,89897.24,0.09,0.56,95554.26,0.1028,0.5616,81806.49,45811.63,35994.86,85731.28,48146.69,37584.59,1589.73
2025-02,South,Pet Supplies,88541.13,0.09,0.56,82457.86,0.091,0.5466,80572.43,45120.56,35451.87,74954.19,40969.96,33984.23,-1467.64
2025-03,South,Pet Supplies,96276.81,0.09,0.56,90111.62,0.0842,0.555,87611.9,49062.66,38549.24,82524.22,45800.94,36723.28,-1825.96
2025-04,South,Pet Supplies,100031.64,0.09,0.56,99536.26,0.0708,0.5449,91028.79,50976.12,40052.67,92489.09,50397.31,42091.78,2039.11
2025-05,South,Pet Supplies,102802.2,0.09,0.56,105086.31,0.0986,0.5508,93550.0,52388.0,41162.0,94724.8,52174.42,42550.38,1388.38
2025-06,South,Pet Supplies,105601.92,0.09,0.56,107721.94,0.0786,0.5623,96097.75,53814.74,42283.01,99255.0,55811.09,43443.91,1160.9
2025-07,South,Pet Supplies,104260.39,0.09,0.56,96886.15,0.0929,0.563,94876.95,53131.09,41745.86,87885.43,49479.5,38405.93,-3339.93
2025-08,South,Pet Supplies,108139.16,0.09,0.56,109112.8,0.0827,0.5564,98406.64,55107.72,43298.92,100089.17,55689.61,44399.56,1100.64
2025-09,South,Pet Supplies,111004.5,0.09,0.56,109514.67,0.0989,0.5616,101014.1,56567.9,44446.2,98683.67,55420.75,43262.92,-1183.28
2025-10,South,Pet Supplies,117092.43,0.09,0.56,112288.55,0.0842,0.5659,106554.11,59670.3,46883.81,102833.85,58193.68,44640.17,-2243.64
2025-11,South,Pet Supplies,139329.79,0.09,0.56,146795.69,0.0926,0.5611,126790.11,71002.46,55787.65,133202.41,74739.87,58462.54,2674.89
2025-12,South,Pet Supplies,131645.14,0.09,0.56,133466.34,0.0942,0.5533,119797.08,67086.36,52710.72,120893.81,66890.55,54003.26,1292.54
2024-01,West,Electronics Accessories,209546.73,0.1,0.62,214845.43,0.0872,0.6408,188592.06,116927.08,71664.98,196110.91,125667.87,70443.04,-1221.94
2024-02,West,Electronics Accessories,206529.26,0.1,0.62,208383.79,0.1079,0.624,185876.33,115243.32,70633.01,185899.18,116001.09,69898.09,-734.92
2024-03,West,Electronics Accessories,224727.23,0.1,0.62,222363.8,0.0923,0.6517,202254.51,125397.8,76856.71,201839.62,131538.88,70300.74,-6555.97
2024-04,West,Electronics Accessories,233649.26,0.1,0.62,256957.3,0.103,0.6313,210284.33,130376.28,79908.05,230490.7,145508.78,84981.92,5073.87
2024-05,West,Electronics Accessories,240280.25,0.1,0.62,235391.47,0.0963,0.6483,216252.22,134076.38,82175.84,212723.27,137908.5,74814.77,-7361.07
2024-06,West,Electronics Accessories,246985.75,0.1,0.62,223541.77,0.096,0.6412,222287.18,137818.05,84469.13,202081.76,129574.82,72506.94,-11962.19
2024-07,West,Electronics Accessories,244005.53,0.1,0.62,240006.83,0.0856,0.6402,219604.98,136155.09,83449.89,219462.25,140499.73,78962.52,-4487.37
2024-08,West,Electronics Accessories,253244.21,0.1,0.62,234019.11,0.0959,0.6335,227919.79,141310.27,86609.52,211576.68,134033.83,77542.85,-9066.67
2024-09,West,Electronics Accessories,260117.34,0.1,0.62,272505.04,0.0769,0.6491,234105.61,145145.48,88960.13,251549.4,163280.72,88268.68,-691.45
2024-10,West,Electronics Accessories,274552.78,0.1,0.62,293053.61,0.0999,0.6427,247097.5,153200.45,93897.05,263777.55,169529.83,94247.72,350.67
2024-11,West,Electronics Accessories,326892.9,0.1,0.62,318185.95,0.0929,0.6762,294203.61,182406.24,111797.37,288626.48,195169.23,93457.25,-18340.12
2024-12,West,Electronics Accessories,309048.83,0.1,0.62,316122.62,0.102,0.6681,278143.95,172449.25,105694.7,283878.11,189658.97,94219.14,-11475.56
2025-01,West,Electronics Accessories,229663.22,0.1,0.62,224900.86,0.1128,0.6635,206696.9,128152.08,78544.82,199532.04,132389.51,67142.53,-11402.29
2025-02,West,Electronics Accessories,226198.71,0.1,0.62,239567.46,0.0995,0.6514,203578.84,126218.88,77359.96,215730.5,140526.85,75203.65,-2156.31
2025-03,West,Electronics Accessories,245961.29,0.1,0.62,263088.02,0.1007,0.6498,221365.16,137246.4,84118.76,236595.06,153739.47,82855.59,-1263.17
2025-04,West,Electronics Accessories,255553.88,0.1,0.62,259066.59,0.1032,0.6504,229998.49,142599.06,87399.43,232330.92,151108.03,81222.89,-6176.54
2025-05,West,Electronics Accessories,262631.9,0.1,0.62,260860.41,0.0939,0.6618,236368.71,146548.6,89820.11,236365.62,156426.77,79938.85,-9881.26
2025-06,West,Electronics Accessories,269784.43,0.1,0.62,258199.85,0.1074,0.6512,242805.99,150539.71,92266.28,230469.19,150081.54,80387.65,-11878.63
2025-07,West,Electronics Accessories,266357.18,0.1,0.62,239169.87,0.0957,0.6785,239721.46,148627.31,91094.15,216281.31,146746.87,69534.44,-21559.71
2025-08,West,Electronics Accessories,276266.41,0.1,0.62,265289.05,0.1023,0.6737,248639.77,154156.66,94483.11,238149.98,160441.64,77708.34,-16774.77
2025-09,West,Electronics Accessories,283586.57,0.1,0.62,280030.16,0.0888,0.6618,255227.91,158241.3,96986.61,255163.48,168867.19,86296.29,-10690.32
2025-10,West,Electronics Accessories,299139.6,0.1,0.62,296075.59,0.1021,0.6793,269225.64,166919.9,102305.74,265846.27,180589.37,85256.9,-17048.84
2025-11,West,Electronics Accessories,355950.04,0.1,0.62,368112.57,0.1024,0.6707,320355.04,198620.12,121734.92,330417.84,221611.25,108806.59,-12928.33
2025-12,West,Electronics Accessories,336317.84,0.1,0.62,344429.15,0.0947,0.6793,302686.06,187665.36,115020.7,311811.71,211813.69,99998.02,-15022.68
2024-01,West,Home & Kitchen,166487.59,0.12,0.58,168074.15,0.138,0.5893,146509.08,84975.27,61533.81,144879.92,85377.74,59502.18,-2031.63
2024-02,West,Home & Kitchen,164090.17,0.12,0.58,174247.21,0.1168,0.5948,144399.35,83751.62,60647.73,153895.14,91536.83,62358.31,1710.58
2024-03,West,Home & Kitchen,178548.69,0.12,0.58,165386.45,0.1319,0.5837,157122.85,91131.25,65991.6,143571.98,83802.96,59769.02,-6222.58
2024-04,West,Home & Kitchen,185637.36,0.12,0.58,193320.74,0.1309,0.5744,163360.88,94749.31,68611.57,168015.06,96507.85,71507.21,2895.64
2024-05,West,Home & Kitchen,190905.77,0.12,0.58,181487.46,0.1259,0.5869,167997.08,97438.31,70558.77,158638.19,93104.75,65533.44,-5025.33
2024-06,West,Home & Kitchen,196233.37,0.12,0.58,200607.75,0.1199,0.5749,172685.37,100157.51,72527.86,176554.88,101501.4,75053.48,2525.62
2024-07,West,Home & Kitchen,193865.55,0.12,0.58,205490.63,0.108,0.581,170601.68,98948.97,71652.71,183297.64,106495.93,76801.71,5149.0
2024-08,West,Home & Kitchen,201205.8,0.12,0.58,217587.02,0.1191,0.5757,177061.1,102695.44,74365.66,191672.41,110345.81,81326.6,6960.94
2024-09,West,Home & Kitchen,206666.59,0.12,0.58,205282.37,0.1143,0.5942,181866.6,105482.63,76383.97,181818.6,108036.61,73781.99,-2601.98
2024-10,West,Home & Kitchen,218135.74,0.12,0.58,214352.08,0.1237,0.5812,191959.45,111336.48,80622.97,187836.73,109170.71,78666.02,-1956.95
2024-11,West,Home & Kitchen,259720.64,0.12,0.58,272931.44,0.1265,0.573,228554.16,132561.41,95992.75,238405.61,136606.41,101799.2,5806.45
2024-12,West,Home & Kitchen,245543.3,0.12,0.58,254653.59,0.1109,0.5757,216078.1,125325.3,90752.8,226412.51,130345.68,96066.83,5314.03
2025-01,West,Home & Kitchen,182470.4,0.12,0.58,186931.16,0.1418,0.5845,160573.95,93132.89,67441.06,160424.32,93768.02,66656.3,-784.76
2025-02,West,Home & Kitchen,179717.8,0.12,0.58,176217.55,0.1358,0.5899,158151.66,91727.96,66423.7,152287.21,89834.23,62452.98,-3970.72
2025-03,West,Home & Kitchen,195419.43,0.12,0.58,184572.19,0.1105,0.5772,171969.1,99742.08,72227.02,164176.96,94762.94,69414.02,-2813.0
2025-04,West,Home & Kitchen,203040.86,0.12,0.58,190573.1,0.1173,0.5727,178675.96,103632.06,75043.9,168218.88,96338.95,71879.93,-3163.97
2025-05,West,Home & Kitchen,208664.44,0.12,0.58,237139.6,0.1204,0.5678,183624.71,106502.33,77122.38,208587.99,118436.26,90151.73,13029.35
2025-06,West,Home & Kitchen,214347.22,0.12,0.58,208764.23,0.1228,0.5809,188625.55,109402.82,79222.73,183127.98,106379.04,76748.94,-2473.79
2025-07,West,Home & Kitchen,211624.22,0.12,0.58,213836.55,0.1281,0.5817,186229.31,108013.0,78216.31,186444.09,108454.53,77989.56,-226.75
2025-08,West,Home & Kitchen,219497.24,0.12,0.58,234990.09,0.1143,0.5797,193157.57,112031.39,81126.18,208130.72,120653.38,87477.34,6351.16
2025-09,West,Home & Kitchen,225313.2,0.12,0.58,213087.71,0.1116,0.5828,198275.62,114999.86,83275.76,189307.12,110328.19,78978.93,-4296.83
2025-10,West,Home & Kitchen,237670.28,0.12,0.58,230089.19,0.1161,0.5695,209149.85,121306.91,87842.94,203375.84,115822.54,87553.3,-289.64
2025-11,West,Home & Kitchen,282806.92,0.12,0.58,298485.36,0.1281,0.5664,248870.09,144344.65,104525.44,260249.39,147405.25,112844.14,8318.7
2025-12,West,Home & Kitchen,267208.88,0.12,0.58,274482.51,0.1318,0.5778,235143.81,136383.41,98760.4,238305.72,137693.05,100612.67,1852.27
2024-01,West,Office Supplies,147496.96,0.08,0.55,136759.52,0.0916,0.5638,135697.2,74633.46,61063.74,124232.35,70042.2,54190.15,-6873.59
2024-02,West,Office Supplies,145373.0,0.08,0.55,139992.65,0.0701,0.563,133743.16,73558.74,60184.42,130179.17,73290.87,56888.3,-3296.12
2024-03,West,Office Supplies,158182.29,0.08,0.55,155979.66,0.0941,0.5573,145527.71,80040.24,65487.47,141301.97,78747.59,62554.38,-2933.09
2024-04,West,Office Supplies,164462.38,0.08,0.55,162229.12,0.0766,0.5621,151305.39,83217.96,68087.43,149802.37,84203.91,65598.46,-2488.97
2024-05,West,Office Supplies,169129.84,0.08,0.55,174939.05,0.0716,0.5419,155599.45,85579.7,70019.75,162413.41,88011.83,74401.58,4381.83
2024-06,West,Office Supplies,173849.75,0.08,0.55,169501.09,0.0986,0.5508,159941.77,87967.97,71973.8,152788.28,84155.78,68632.5,-3341.3
2024-07,West,Office Supplies,171752.01,0.08,0.55,161852.66,0.085,0.5596,158011.85,86906.52,71105.33,148095.18,82874.06,65221.12,-5884.21
2024-08,West,Office Supplies,178254.99,0.08,0.55,175734.59,0.0768,0.5486,163994.59,90197.02,73797.57,162238.17,89003.86,73234.31,-563.26
2024-09,West,Office Supplies,183092.89,0.08,0.55,197375.73,0.0831,0.5475,168445.46,92645.0,75800.46,180973.81,99083.16,81890.65,6090.19
2024-10,West,Office Supplies,193253.79,0.08,0.55,184990.87,0.0914,0.5457,177793.49,97786.42,80007.07,168082.7,91722.73,76359.97,-3647.1
2024-11,West,Office Supplies,230095.25,0.08,0.55,229365.68,0.0856,0.5426,211687.63,116428.2,95259.43,209731.98,113800.57,95931.41,671.98
2024-12,West,Office Supplies,217535.07,0.08,0.55,222774.2,0.0783,0.5558,200132.26,110072.74,90059.52,205330.98,114122.96,91208.02,1148.5
2025-01,West,Office Supplies,161656.66,0.08,0.55,160231.05,0.0919,0.5417,148724.13,81798.27,66925.86,145505.82,78820.5,66685.32,-240.54
2025-02,West,Office Supplies,159218.05,0.08,0.55,173757.27,0.0986,0.5443,146480.61,80564.34,65916.27,156624.8,85250.88,71373.92,5457.65
2025-03,West,Office Supplies,173128.65,0.08,0.55,160835.54,0.0683,0.5429,159278.36,87603.1,71675.26,149850.47,81353.82,68496.65,-3178.61
2025-04,West,Office Supplies,179880.73,0.08,0.55,177041.33,0.0855,0.5476,165490.27,91019.65,74470.62,161904.3,88658.79,73245.51,-1225.11
2025-05,West,Office Supplies,184862.85,0.08,0.55,191251.89,0.0787,0.5537,170073.82,93540.6,76533.22,176200.37,97562.14,78638.23,2105.01
2025-06,West,Office Supplies,189897.42,0.08,0.55,196134.65,0.0707,0.5498,174705.63,96088.1,78617.53,182267.93,100210.91,82057.02,3439.49
2025-07,West,Office Supplies,187485.02,0.08,0.55,197170.47,0.0808,0.5492,172486.22,94867.42,77618.8,181239.1,99536.51,81702.59,4083.79
2025-08,West,Office Supplies,194459.99,0.08,0.55,191754.82,0.0567,0.5507,178903.19,98396.75,80506.44,180882.32,99611.89,81270.43,763.99
2025-09,West,Office Supplies,199612.55,0.08,0.55,207588.88,0.0685,0.5466,183643.55,101003.95,82639.6,193369.04,105695.52,87673.52,5033.92
2025-10,West,Office Supplies,210560.1,0.08,0.55,199679.29,0.0891,0.5573,193715.29,106543.41,87171.88,181887.87,101366.11,80521.76,-6650.12
2025-11,West,Office Supplies,250548.16,0.08,0.55,242205.33,0.0924,0.5562,230504.31,126777.37,103726.94,219825.56,122266.98,97558.58,-6168.36
2025-12,West,Office Supplies,236729.34,0.08,0.55,245712.78,0.0823,0.5673,217790.99,119785.04,98005.95,225490.62,127920.83,97569.79,-436.16
2024-01,West,Personal Care,149148.8,0.11,0.54,144931.48,0.0983,0.5359,132742.43,71680.91,61061.52,130684.72,70033.94,60650.78,-410.74
2024-02,West,Personal Care,147001.06,0.11,0.54,154962.67,0.1149,0.5352,130830.94,70648.71,60182.23,137157.46,73406.67,63750.79,3568.56
2024-03,West,Personal Care,159953.8,0.11,0.54,160722.99,0.1137,0.5611,142358.88,76873.8,65485.08,142448.79,79928.02,62520.77,-2964.31
2024-04,West,Personal Care,166304.23,0.11,0.54,168262.43,0.1007,0.5382,148010.76,79925.81,68084.95,151318.4,81439.56,69878.84,1793.89
2024-05,West,Personal Care,171023.96,0.11,0.54,167157.71,0.0972,0.542,152211.32,82194.11,70017.21,150909.98,81793.21,69116.77,-900.44
2024-06,West,Personal Care,175796.72,0.11,0.54,156255.45,0.1083,0.5407,156459.08,84487.9,71971.18,139332.98,75337.34,63995.64,-7975.54
2024-07,West,Personal Care,173675.49,0.11,0.54,189496.22,0.1066,0.5233,154571.19,83468.44,71102.75,169295.92,88592.55,80703.37,9600.62
2024-08,West,Personal Care,180251.3,0.11,0.54,170226.85,0.1107,0.5452,160423.66,86628.78,73794.88,151382.74,82533.87,68848.87,-4946.01
2024-09,West,Personal Care,185143.38,0.11,0.54,192192.05,0.1025,0.5246,164777.61,88979.91,75797.7,172492.36,90489.49,82002.87,6205.17
2024-10,West,Personal Care,195418.07,0.11,0.54,197944.72,0.1,0.5366,173922.08,93917.92,80004.16,178150.25,95595.42,82554.83,2550.67
2024-11,West,Personal Care,232672.13,0.11,0.54,227291.52,0.1122,0.525,207078.2,111822.23,95255.97,201789.41,105939.44,95849.97,594.0
2024-12,West,Personal Care,219971.28,0.11,0.54,212630.02,0.1158,0.5404,195774.44,105718.2,90056.24,188007.46,101599.23,86408.23,-3648.01
2025-01,West,Personal Care,163467.09,0.11,0.54,169317.89,0.1145,0.5306,145485.71,78562.28,66923.43,149930.99,79553.38,70377.61,3454.18
2025-02,West,Personal Care,161001.16,0.11,0.54,164706.29,0.1157,0.5389,143291.03,77377.16,65913.87,145649.77,78490.66,67159.11,1245.24
2025-03,West,Personal Care,175067.55,0.11,0.54,172019.01,0.1207,0.5377,155810.12,84137.46,71672.66,151256.32,81330.52,69925.8,-1746.86
2025-04,West,Personal Care,181895.25,0.11,0.54,187365.5,0.1084,0.5332,161886.77,87418.86,74467.91,167055.08,89073.77,77981.31,3513.4
2025-05,West,Personal Care,186933.16,0.11,0.54,187868.58,0.1054,0.5513,166370.51,89840.08,76530.43,168067.23,92655.46,75411.77,-1118.66
2025-06,West,Personal Care,192024.11,0.11,0.54,191955.76,0.0974,0.5459,170901.46,92286.79,78614.67,173259.27,94582.24,78677.03,62.36
2025-07,West,Personal Care,189584.7,0.11,0.54,187721.58,0.0959,0.529,168730.38,91114.41,77615.97,169719.08,89781.39,79937.69,2321.72
2025-08,West,Personal Care,196637.78,0.11,0.54,196425.64,0.1228,0.5182,175007.62,94504.11,80503.51,172304.57,89288.23,83016.34,2512.83
2025-09,West,Personal Care,201848.04,0.11,0.54,208143.9,0.1199,0.5426,179644.76,97008.17,82636.59,183187.45,99397.51,83789.94,1153.35
2025-10,West,Personal Care,212918.2,0.11,0.54,202521.17,0.1056,0.5273,189497.2,102328.49,87168.71,181134.93,95512.45,85622.48,-1546.23
2025-11,West,Personal Care,253354.1,0.11,0.54,249933.79,0.1158,0.5373,225485.15,121761.98,103723.17,220991.46,118738.71,102252.75,-1470.42
2025-12,West,Personal Care,239380.51,0.11,0.54,230544.62,0.1123,0.5426,213048.65,115046.27,98002.38,204654.46,111045.51,93608.95,-4393.43
2024-01,West,Outdoor & Sporting,111292.44,0.13,0.6,111631.15,0.122,0.5987,96824.42,58094.65,38729.77,98012.15,58679.87,39332.28,602.51
2024-02,West,Outdoor & Sporting,109689.82,0.13,0.6,112711.7,0.127,0.5952,95430.14,57258.08,38172.06,98397.31,58566.08,39831.23,1659.17
2024-03,West,Outdoor & Sporting,119354.95,0.13,0.6,111270.67,0.1441,0.5995,103838.81,62303.29,41535.52,95236.57,57094.32,38142.25,-3393.27
2024-04,West,Outdoor & Sporting,124093.54,0.13,0.6,133286.23,0.1314,0.5843,107961.38,64776.83,43184.55,115772.42,67645.83,48126.59,4942.04
2024-05,West,Outdoor & Sporting,127615.33,0.13,0.6,116379.59,0.1398,0.5955,111025.34,66615.2,44410.14,100109.72,59615.34,40494.38,-3915.76
2024-06,West,Outdoor & Sporting,131176.68,0.13,0.6,121618.44,0.131,0.6034,114123.71,68474.23,45649.48,105686.42,63771.19,41915.23,-3734.25
2024-07,West,Outdoor & Sporting,129593.86,0.13,0.6,117945.55,0.1226,0.6045,112746.66,67648.0,45098.66,103485.43,62556.94,40928.49,-4170.17
2024-08,West,Outdoor & Sporting,134500.62,0.13,0.6,140763.64,0.1355,0.5999,117015.54,70209.32,46806.22,121690.17,73001.93,48688.24,1882.02
2024-09,West,Outdoor & Sporting,138151.01,0.13,0.6,134739.5,0.1304,0.6027,120191.38,72114.83,48076.55,117169.47,70618.04,46551.43,-1525.12
2024-10,West,Outdoor & Sporting,145817.82,0.13,0.6,159045.93,0.1415,0.6023,126861.5,76116.9,50744.6,136540.93,82238.6,54302.33,3557.73
2024-11,West,Outdoor & Sporting,173616.2,0.13,0.6,171393.93,0.1281,0.5954,151046.09,90627.65,60418.44,149438.37,88975.61,60462.76,44.32
2024-12,West,Outdoor & Sporting,164139.03,0.13,0.6,172995.16,0.1462,0.5928,142800.96,85680.58,57120.38,147703.27,87558.5,60144.77,3024.39
2025-01,West,Outdoor & Sporting,121976.51,0.13,0.6,114929.22,0.1198,0.5884,106119.56,63671.74,42447.82,101160.7,59522.96,41637.74,-810.08
2025-02,West,Outdoor & Sporting,120136.47,0.13,0.6,121761.85,0.1285,0.5897,104518.73,62711.24,41807.49,106115.45,62576.28,43539.17,1731.68
2025-03,West,Outdoor & Sporting,130632.59,0.13,0.6,127614.34,0.1175,0.6056,113650.35,68190.21,45460.14,112619.66,68202.47,44417.19,-1042.95
2025-04,West,Outdoor & Sporting,135727.31,0.13,0.6,129402.92,0.1351,0.6004,118082.76,70849.66,47233.1,111920.59,67197.12,44723.47,-2509.63
2025-05,West,Outdoor & Sporting,139486.52,0.13,0.6,153104.34,0.1481,0.5944,121353.27,72811.96,48541.31,130429.59,77527.35,52902.24,4360.93
2025-06,West,Outdoor & Sporting,143285.3,0.13,0.6,151796.02,0.136,0.5962,124658.21,74794.93,49863.28,131151.76,78192.68,52959.08,3095.8
2025-07,West,Outdoor & Sporting,141465.05,0.13,0.6,137961.15,0.1177,0.5909,123074.59,73844.75,49229.84,121723.12,71926.19,49796.93,567.09
2025-08,West,Outdoor & Sporting,146727.95,0.13,0.6,135760.37,0.1432,0.5834,127653.32,76591.99,51061.33,116319.49,67860.79,48458.7,-2602.63
2025-09,West,Outdoor & Sporting,150615.76,0.13,0.6,149867.4,0.1233,0.6043,131035.71,78621.43,52414.28,131388.75,79398.22,51990.53,-423.75
2025-10,West,Outdoor & Sporting,158876.13,0.13,0.6,156706.65,0.1455,0.6068,138222.23,82933.34,55288.89,133905.83,81254.06,52651.77,-2637.12
2025-11,West,Outdoor & Sporting,189048.75,0.13,0.6,190023.67,0.1148,0.5902,164472.41,98683.45,65788.96,168208.95,99276.92,68932.03,3143.07
2025-12,West,Outdoor & Sporting,178621.89,0.13,0.6,175176.09,0.1377,0.5862,155401.04,93240.62,62160.42,151054.34,88548.05,62506.29,345.87
2024-01,West,Pet Supplies,123131.94,0.09,0.56,120002.24,0.0753,0.5608,112050.07,62748.04,49302.03,110966.07,62229.77,48736.3,-565.73
2024-02,West,Pet Supplies,121358.84,0.09,0.56,123302.0,0.0921,0.5533,110436.54,61844.46,48592.08,111945.89,61939.66,50006.23,1414.15
2024-03,West,Pet Supplies,132052.17,0.09,0.56,143730.18,0.0846,0.5556,120167.47,67293.78,52873.69,131570.61,73100.63,58469.98,5596.29
2024-04,West,Pet Supplies,137294.85,0.09,0.56,142877.39,0.078,0.5621,124938.31,69965.45,54972.86,131732.95,74047.09,57685.86,2713.0
2024-05,West,Pet Supplies,141191.29,0.09,0.56,135601.23,0.0982,0.5659,128484.07,71951.08,56532.99,122285.19,69201.19,53084.0,-3448.99
2024-06,West,Pet Supplies,145131.51,0.09,0.56,144648.1,0.0881,0.5711,132069.67,73959.02,58110.65,131904.6,75330.72,56573.88,-1536.77
2024-07,West,Pet Supplies,143380.3,0.09,0.56,141728.07,0.0837,0.5669,130476.07,73066.6,57409.47,129865.43,73620.71,56244.72,-1164.75
2024-08,West,Pet Supplies,148809.06,0.09,0.56,154266.62,0.0886,0.5632,135416.24,75833.09,59583.15,140598.6,79185.13,61413.47,1830.32
2024-09,West,Pet Supplies,152847.78,0.09,0.56,154287.16,0.0946,0.5598,139091.48,77891.23,61200.25,139691.59,78199.35,61492.24,291.99
2024-10,West,Pet Supplies,161330.21,0.09,0.56,162491.36,0.1066,0.5704,146810.49,82213.87,64596.62,145169.78,82804.84,62364.94,-2231.68
2024-11,West,Pet Supplies,192085.83,0.09,0.56,197711.17,0.0854,0.5546,174798.11,97886.94,76911.17,180826.64,100286.45,80540.19,3629.02
2024-12,West,Pet Supplies,181600.46,0.09,0.56,172865.67,0.0894,0.5671,165256.42,92543.6,72712.82,157411.48,89268.05,68143.43,-4569.39
2025-01,West,Pet Supplies,134952.61,0.09,0.56,132659.99,0.0873,0.5759,122806.88,68771.85,54035.03,121078.77,69729.26,51349.51,-2685.52
2025-02,West,Pet Supplies,132916.83,0.09,0.56,132371.2,0.0796,0.5719,120954.32,67734.42,53219.9,121834.45,69677.12,52157.33,-1062.57
2025-03,West,Pet Supplies,144529.54,0.09,0.56,137051.07,0.0828,0.5707,131521.88,73652.25,57869.63,125703.24,71738.84,53964.4,-3905.23
2025-04,West,Pet Supplies,150166.24,0.09,0.56,157650.13,0.0786,0.553,136651.28,76524.72,60126.56,145258.83,80328.13,64930.7,4804.14
2025-05,West,Pet Supplies,154325.37,0.09,0.56,162363.22,0.1011,0.5645,140436.09,78644.21,61791.88,145948.3,82387.82,63560.48,1768.6
2025-06,West,Pet Supplies,158528.27,0.09,0.56,156494.89,0.0913,0.562,144260.73,80786.01,63474.72,142206.91,79920.28,62286.63,-1188.09
2025-07,West,Pet Supplies,156514.38,0.09,0.56,160114.24,0.0899,0.5565,142428.09,79759.73,62668.36,145719.97,81093.16,64626.81,1958.45
2025-08,West,Pet Supplies,162337.15,0.09,0.56,149365.29,0.0929,0.562,147726.81,82727.01,64999.8,135489.25,76144.96,59344.29,-5655.51
2025-09,West,Pet Supplies,166638.56,0.09,0.56,165645.63,0.085,0.5453,151641.09,84919.01,66722.08,151565.75,82648.8,68916.95,2194.87
2025-10,West,Pet Supplies,175777.69,0.09,0.56,173874.36,0.1004,0.5507,159957.7,89576.31,70381.39,156417.37,86139.05,70278.32,-103.07
2025-11,West,Pet Supplies,209160.12,0.09,0.56,223130.16,0.1036,0.5646,190335.71,106588.0,83747.71,200013.88,112927.84,87086.04,3338.33
2025-12,West,Pet Supplies,197624.03,0.09,0.56,199553.85,0.0735,0.553,179837.87,100709.21,79128.66,184886.64,102242.31,82644.33,3515.67
