order_id,customer_id,order_date,order_amount
O000001,C1000,2024-11-30,4029.48
O000002,C1000,2025-03-20,1356.21
O000003,C1000,2025-06-06,907.72
O000004,C1001,2024-04-26,1918.19
O000005,C1001,2024-06-18,2358.57
O000006,C1001,2024-10-13,3289.1
O000007,C1001,2024-12-18,1163.99
O000008,C1001,2024-12-22,2643.7
O000009,C1001,2025-07-07,1709.01
O000010,C1001,2025-12-04,4720.46
O000011,C1002,2024-01-07,11085.69
O000012,C1002,2024-01-11,12747.75
O000013,C1002,2024-03-04,9380.41
O000014,C1002,2024-04-22,6357.61
O000015,C1002,2024-06-13,12550.75
O000016,C1002,2024-08-26,26843.39
O000017,C1002,2024-10-13,21074.45
O000018,C1002,2024-10-14,18138.23
O000019,C1002,2024-10-27,4739.37
O000020,C1002,2024-11-24,9072.17
O000021,C1002,2025-02-08,8975.78
O000022,C1002,2025-04-07,11002.39
O000023,C1002,2025-05-06,4948.98
O000024,C1002,2025-06-24,2252.95
O000025,C1002,2025-07-02,13631.87
O000026,C1002,2025-07-20,10242.78
O000027,C1002,2025-08-27,11704.97
O000028,C1002,2025-10-08,8352.71
O000029,C1002,2025-10-15,7751.44
O000030,C1002,2025-11-22,15509.76
O000031,C1002,2025-12-15,8584.51
O000032,C1003,2024-02-20,9037.58
O000033,C1003,2024-03-01,11629.93
O000034,C1003,2024-03-06,6969.1
O000035,C1003,2024-04-15,14112.34
O000036,C1003,2024-06-24,4472.3
O000037,C1003,2024-06-27,10249.34
O000038,C1003,2024-07-25,9471.65
O000039,C1003,2024-08-23,12230.65
O000040,C1003,2024-10-20,9819.49
O000041,C1003,2024-10-20,9742.3
O000042,C1003,2024-10-21,9381.49
O000043,C1003,2024-11-29,11453.85
O000044,C1003,2025-02-03,5465.3
O000045,C1003,2025-05-09,22862.4
O000046,C1003,2025-05-12,6304.36
O000047,C1003,2025-12-09,10981.28
O000048,C1003,2025-12-28,20990.95
O000049,C1004,2024-01-19,2903.78
O000050,C1004,2024-01-28,4450.56
O000051,C1004,2024-02-24,1683.58
O000052,C1004,2024-03-22,1451.38
O000053,C1004,2024-04-16,1646.44
O000054,C1004,2024-12-07,2087.21
O000055,C1004,2025-03-04,3871.65
O000056,C1004,2025-04-02,817.31
O000057,C1004,2025-10-17,1917.08
O000058,C1004,2025-11-02,1361.77
O000059,C1004,2025-11-27,9088.75
O000060,C1005,2024-04-23,1921.54
O000061,C1005,2024-10-03,2198.84
O000062,C1005,2024-10-08,1924.72
O000063,C1005,2024-12-16,2028.65
O000064,C1005,2025-05-23,2258.46
O000065,C1005,2025-07-21,1235.64
O000066,C1005,2025-07-23,1452.32
O000067,C1005,2025-08-08,5646.34
O000068,C1005,2025-09-12,3380.65
O000069,C1005,2025-12-01,2707.84
O000070,C1005,2025-12-23,2268.86
O000071,C1006,2024-08-18,1954.09
O000072,C1006,2024-11-22,1766.08
O000073,C1006,2025-12-26,2610.14
O000074,C1007,2024-01-11,1349.18
O000075,C1007,2024-04-13,1109.85
O000076,C1007,2024-08-21,2747.6
O000077,C1007,2024-09-08,1451.42
O000078,C1007,2024-09-21,2016.83
O000079,C1007,2024-11-12,886.2
O000080,C1007,2025-05-30,2009.56
O000081,C1007,2025-06-07,1179.86
O000082,C1007,2025-07-14,3072.38
O000083,C1007,2025-10-15,1519.87
O000084,C1008,2024-02-08,1400.26
O000085,C1008,2024-02-28,5536.85
O000086,C1008,2024-06-08,1040.25
O000087,C1008,2024-07-02,3254.76
O000088,C1008,2024-07-24,3372.87
O000089,C1008,2024-07-25,1669.55
O000090,C1008,2024-10-24,2022.02
O000091,C1008,2024-11-25,1064.67
O000092,C1008,2024-12-13,1405.75
O000093,C1008,2025-07-03,1885.08
O000094,C1008,2025-08-24,1584.23
O000095,C1009,2024-04-07,1666.43
O000096,C1009,2024-06-07,2366.59
O000097,C1009,2024-07-14,4291.34
O000098,C1009,2024-08-01,2400.85
O000099,C1009,2024-09-13,2494.07
O000100,C1009,2024-09-21,2820.06
O000101,C1009,2025-03-08,2638.69
O000102,C1009,2025-06-27,2151.97
O000103,C1009,2025-08-14,2904.39
O000104,C1009,2025-09-24,3341.53
O000105,C1010,2024-01-10,15860.17
O000106,C1010,2024-06-16,7880.24
O000107,C1010,2024-08-27,16377.91
O000108,C1010,2024-11-15,15469.91
O000109,C1010,2024-12-26,6767.55
O000110,C1010,2025-01-31,7904.9
O000111,C1010,2025-05-27,12661.31
O000112,C1010,2025-06-29,8616.5
O000113,C1010,2025-07-16,4634.04
O000114,C1010,2025-10-01,14715.91
O000115,C1010,2025-10-14,14007.74
O000116,C1011,2024-03-29,2748.07
O000117,C1011,2024-04-02,5224.97
O000118,C1011,2024-09-23,3315.15
O000119,C1011,2024-11-21,1293.08
O000120,C1011,2025-05-08,4630.78
O000121,C1011,2025-07-12,3333.23
O000122,C1011,2025-10-12,4305.96
O000123,C1011,2025-11-04,4315.29
O000124,C1012,2024-02-09,868.08
O000125,C1012,2024-03-07,1864.23
O000126,C1012,2024-06-07,2201.8
O000127,C1012,2024-07-22,4288.6
O000128,C1012,2024-09-23,3205.06
O000129,C1012,2025-02-23,4240.32
O000130,C1012,2025-05-24,3420.42
O000131,C1012,2025-06-29,2629.91
O000132,C1012,2025-09-24,1915.54
O000133,C1012,2025-10-04,3302.68
O000134,C1012,2025-12-17,2157.72
O000135,C1013,2024-03-16,9976.09
O000136,C1013,2024-03-27,12479.55
O000137,C1013,2024-07-12,4752.65
O000138,C1013,2025-02-24,18188.92
O000139,C1013,2025-03-13,11708.18
O000140,C1013,2025-04-11,10233.11
O000141,C1013,2025-04-15,10770.06
O000142,C1013,2025-08-14,9431.49
O000143,C1013,2025-11-14,15769.31
O000144,C1013,2025-11-18,13044.42
O000145,C1013,2025-11-21,5684.32
O000146,C1013,2025-12-13,13839.99
O000147,C1013,2025-12-20,21852.84
O000148,C1014,2024-01-20,28549.13
O000149,C1014,2024-01-25,40669.0
O000150,C1014,2024-02-01,76456.67
O000151,C1014,2024-03-08,47465.77
O000152,C1014,2024-03-29,62421.91
O000153,C1014,2024-04-15,16150.47
O000154,C1014,2024-04-19,65205.42
O000155,C1014,2024-04-23,59550.0
O000156,C1014,2024-05-02,76581.21
O000157,C1014,2024-07-05,34140.38
O000158,C1014,2024-07-08,24054.28
O000159,C1014,2024-08-22,63338.39
O000160,C1014,2024-08-22,33105.66
O000161,C1014,2024-09-07,109404.72
O000162,C1014,2024-12-02,17177.96
O000163,C1014,2024-12-16,42059.5
O000164,C1014,2024-12-17,59216.62
O000165,C1014,2024-12-19,27970.22
O000166,C1014,2025-01-30,66185.29
O000167,C1014,2025-02-06,86586.03
O000168,C1014,2025-02-27,34775.5
O000169,C1014,2025-03-30,85211.82
O000170,C1014,2025-03-30,48462.98
O000171,C1014,2025-04-01,43167.89
O000172,C1014,2025-04-08,79668.94
O000173,C1014,2025-05-06,62033.27
O000174,C1014,2025-06-15,61114.27
O000175,C1014,2025-07-03,107121.85
O000176,C1014,2025-07-05,46133.78
O000177,C1014,2025-07-19,59587.08
O000178,C1014,2025-10-03,60588.44
O000179,C1014,2025-10-05,38967.67
O000180,C1014,2025-12-08,48708.83
O000181,C1014,2025-12-13,23459.9
O000182,C1014,2025-12-17,73349.48
O000183,C1015,2024-01-29,6266.65
O000184,C1015,2024-09-07,600.6
O000185,C1015,2025-01-19,1272.85
O000186,C1015,2025-04-15,1292.01
O000187,C1015,2025-09-01,6278.44
O000188,C1015,2025-11-11,2218.62
O000189,C1016,2024-01-07,4069.37
O000190,C1016,2024-02-07,1541.21
O000191,C1016,2024-07-16,3843.68
O000192,C1016,2024-12-10,1416.39
O000193,C1016,2024-12-18,425.36
O000194,C1016,2025-06-04,3411.37
O000195,C1016,2025-07-02,1502.15
O000196,C1016,2025-07-03,3079.05
O000197,C1017,2024-03-22,76673.35
O000198,C1017,2024-06-16,128059.07
O000199,C1017,2024-06-22,98718.17
O000200,C1017,2024-06-23,37989.11
O000201,C1017,2024-08-05,70380.9
O000202,C1017,2024-08-21,49107.02
O000203,C1017,2024-11-04,29309.94
O000204,C1017,2024-12-30,41594.26
O000205,C1017,2025-03-13,70358.35
O000206,C1017,2025-03-22,43727.28
O000207,C1017,2025-03-28,59685.48
O000208,C1017,2025-03-31,68825.86
O000209,C1017,2025-05-06,54575.23
O000210,C1017,2025-05-10,42359.92
O000211,C1017,2025-05-30,31021.03
O000212,C1017,2025-07-30,26077.56
O000213,C1017,2025-09-04,65448.11
O000214,C1017,2025-09-07,130074.93
O000215,C1017,2025-09-15,33825.59
O000216,C1017,2025-09-16,72988.14
O000217,C1017,2025-09-28,78839.07
O000218,C1017,2025-11-05,33454.18
O000219,C1017,2025-11-13,78561.08
O000220,C1017,2025-11-21,57255.08
O000221,C1018,2024-05-09,4169.19
O000222,C1018,2024-06-26,1717.83
O000223,C1018,2024-07-23,6227.34
O000224,C1018,2024-09-28,2055.72
O000225,C1018,2025-11-18,1446.25
O000226,C1018,2025-12-29,1646.13
O000227,C1019,2024-01-05,1395.07
O000228,C1019,2024-06-18,1600.57
O000229,C1019,2024-09-06,7251.7
O000230,C1019,2024-10-11,2824.27
O000231,C1019,2025-03-01,1095.89
O000232,C1019,2025-03-09,2550.24
O000233,C1019,2025-05-31,4964.18
O000234,C1019,2025-07-01,3965.38
O000235,C1020,2024-02-27,4250.8
O000236,C1020,2024-05-20,3405.78
O000237,C1020,2024-06-20,786.41
O000238,C1020,2024-10-11,1636.48
O000239,C1020,2024-11-23,1498.81
O000240,C1020,2024-11-29,3828.99
O000241,C1020,2025-02-09,1897.1
O000242,C1021,2024-11-14,5764.07
O000243,C1021,2025-01-21,1185.91
O000244,C1021,2025-03-08,1688.74
O000245,C1021,2025-06-04,3299.57
O000246,C1022,2024-01-04,27129.76
O000247,C1022,2024-02-11,9522.17
O000248,C1022,2024-03-18,17945.41
O000249,C1022,2024-03-27,9532.95
O000250,C1022,2024-06-09,5545.45
O000251,C1022,2024-06-20,8922.13
O000252,C1022,2024-08-22,16941.26
O000253,C1022,2024-09-10,10853.24
O000254,C1022,2024-09-25,18339.51
O000255,C1022,2025-01-26,10183.24
O000256,C1022,2025-05-16,7996.71
O000257,C1022,2025-08-10,9625.6
O000258,C1022,2025-08-25,11205.18
O000259,C1022,2025-12-02,8306.97
O000260,C1022,2025-12-28,16594.48
O000261,C1023,2024-03-25,2913.85
O000262,C1023,2024-04-23,2088.66
O000263,C1023,2024-07-22,1345.19
O000264,C1023,2024-07-29,1480.19
O000265,C1023,2024-08-24,1074.86
O000266,C1023,2024-10-01,2029.09
O000267,C1023,2024-11-10,2742.15
O000268,C1023,2024-12-15,2887.1
O000269,C1023,2025-03-08,2807.16
O000270,C1023,2025-03-11,4634.94
O000271,C1023,2025-11-05,1959.5
O000272,C1023,2025-12-25,813.41
O000273,C1024,2024-01-16,25443.65
O000274,C1024,2024-02-08,100778.32
O000275,C1024,2024-03-05,47001.71
O000276,C1024,2024-05-26,65930.23
O000277,C1024,2024-06-24,35305.34
O000278,C1024,2024-07-22,42639.27
O000279,C1024,2024-09-03,51344.94
O000280,C1024,2024-09-13,59799.96
O000281,C1024,2024-09-14,47868.28
O000282,C1024,2024-09-27,60421.69
O000283,C1024,2024-12-23,34406.88
O000284,C1024,2025-01-05,85744.07
O000285,C1024,2025-01-25,37796.18
O000286,C1024,2025-02-01,77038.28
O000287,C1024,2025-03-15,73594.52
O000288,C1024,2025-04-16,116543.89
O000289,C1024,2025-05-11,42328.88
O000290,C1024,2025-06-19,37718.38
O000291,C1024,2025-07-03,38288.38
O000292,C1024,2025-07-03,58266.31
O000293,C1024,2025-07-31,108815.27
O000294,C1024,2025-08-19,52030.76
O000295,C1024,2025-09-13,104366.09
O000296,C1024,2025-09-24,30443.57
O000297,C1024,2025-11-06,40786.85
O000298,C1024,2025-11-22,71255.24
O000299,C1024,2025-11-26,45664.77
O000300,C1024,2025-12-27,39545.6
O000301,C1025,2024-04-17,2382.86
O000302,C1025,2024-06-12,1772.51
O000303,C1025,2025-01-09,1717.86
O000304,C1025,2025-05-19,1057.77
O000305,C1025,2025-06-13,4766.47
O000306,C1026,2024-01-20,5069.77
O000307,C1026,2024-02-12,2880.67
O000308,C1026,2024-02-20,844.87
O000309,C1026,2024-04-24,2934.58
O000310,C1026,2024-06-27,6053.39
O000311,C1026,2024-10-01,5428.5
O000312,C1026,2025-01-04,1038.13
O000313,C1026,2025-09-06,4207.07
O000314,C1026,2025-11-16,1562.75
O000315,C1026,2025-12-26,1484.34
O000316,C1027,2024-01-05,7855.96
O000317,C1027,2024-09-24,17495.03
O000318,C1027,2025-04-23,9055.44
O000319,C1027,2025-05-03,18611.63
O000320,C1027,2025-06-02,14092.96
O000321,C1027,2025-07-03,5679.78
O000322,C1027,2025-07-17,31046.21
O000323,C1027,2025-10-28,15202.19
O000324,C1027,2025-10-29,10632.9
O000325,C1027,2025-12-13,12582.19
O000326,C1027,2025-12-27,5699.07
O000327,C1028,2024-01-13,40458.96
O000328,C1028,2024-04-17,55626.23
O000329,C1028,2024-04-28,46847.86
O000330,C1028,2024-05-01,80535.04
O000331,C1028,2024-05-08,59119.1
O000332,C1028,2024-10-13,45674.27
O000333,C1028,2024-12-14,37089.16
O000334,C1028,2025-01-11,54256.34
O000335,C1028,2025-03-15,60529.91
O000336,C1028,2025-04-09,69413.55
O000337,C1028,2025-08-22,96800.76
O000338,C1028,2025-10-13,50455.06
O000339,C1028,2025-11-29,19944.88
O000340,C1028,2025-12-04,71497.22
O000341,C1028,2025-12-07,76220.46
O000342,C1029,2024-05-23,4236.14
O000343,C1029,2024-06-17,2129.95
O000344,C1029,2024-10-03,3941.9
O000345,C1029,2024-11-02,4018.93
O000346,C1029,2025-01-16,2442.01
O000347,C1029,2025-01-26,1991.25
O000348,C1029,2025-02-23,2039.5
O000349,C1029,2025-04-27,5402.04
O000350,C1029,2025-10-22,1271.26
O000351,C1030,2024-01-29,1994.01
O000352,C1030,2024-02-07,2045.0
O000353,C1030,2024-06-14,2962.07
O000354,C1030,2024-12-22,1673.87
O000355,C1030,2025-01-05,3882.64
O000356,C1030,2025-06-24,3526.48
O000357,C1030,2025-08-02,4352.23
O000358,C1031,2024-02-02,14747.48
O000359,C1031,2024-02-07,14332.09
O000360,C1031,2024-02-24,9271.36
O000361,C1031,2024-04-20,9054.17
O000362,C1031,2024-06-12,4214.92
O000363,C1031,2024-08-11,19511.32
O000364,C1031,2025-01-08,15750.78
O000365,C1031,2025-01-22,4688.76
O000366,C1031,2025-03-17,10651.52
O000367,C1031,2025-04-15,7795.2
O000368,C1031,2025-11-27,10538.16
O000369,C1031,2025-11-28,9191.03
O000370,C1031,2025-12-04,6769.65
O000371,C1032,2024-05-04,1447.61
O000372,C1032,2024-05-12,1462.62
O000373,C1033,2024-03-22,2738.98
O000374,C1033,2024-11-06,1832.37
O000375,C1033,2024-11-10,2000.38
O000376,C1033,2025-10-27,1581.13
O000377,C1033,2025-11-26,6818.92
O000378,C1033,2025-12-14,1896.89
O000379,C1034,2024-05-09,2143.85
O000380,C1034,2024-06-24,1674.17
O000381,C1034,2024-08-22,1372.16
O000382,C1034,2025-04-08,2479.45
O000383,C1035,2024-06-12,7785.92
O000384,C1035,2024-06-30,9894.5
O000385,C1035,2024-07-09,13277.79
O000386,C1035,2024-08-03,11184.36
O000387,C1035,2024-08-04,5407.66
O000388,C1035,2024-12-23,4892.89
O000389,C1035,2024-12-26,14090.78
O000390,C1035,2025-01-05,6651.58
O000391,C1035,2025-01-07,15812.03
O000392,C1035,2025-02-05,14323.69
O000393,C1035,2025-02-25,12003.0
O000394,C1035,2025-03-20,8353.15
O000395,C1035,2025-04-30,8230.88
O000396,C1035,2025-05-11,7373.94
O000397,C1035,2025-06-11,12541.33
O000398,C1035,2025-06-12,10086.58
O000399,C1035,2025-09-29,8461.29
O000400,C1035,2025-11-22,9112.32
O000401,C1035,2025-12-15,8274.59
O000402,C1036,2024-01-04,15176.36
O000403,C1036,2024-02-06,10501.25
O000404,C1036,2024-02-07,4490.07
O000405,C1036,2024-05-31,7244.65
O000406,C1036,2024-06-01,9117.2
O000407,C1036,2024-06-29,8789.05
O000408,C1036,2024-08-08,7404.02
O000409,C1036,2024-11-16,7401.34
O000410,C1036,2025-01-04,12203.38
O000411,C1036,2025-01-22,9224.62
O000412,C1036,2025-02-23,8663.64
O000413,C1036,2025-04-12,5915.9
O000414,C1036,2025-05-09,4902.24
O000415,C1036,2025-10-27,10263.59
O000416,C1036,2025-10-29,9115.97
O000417,C1036,2025-11-28,9282.14
O000418,C1037,2024-04-07,86571.26
O000419,C1037,2024-04-08,48673.99
O000420,C1037,2024-04-30,74577.38
O000421,C1037,2024-06-18,57974.16
O000422,C1037,2024-07-15,44867.1
O000423,C1037,2024-07-30,37686.99
O000424,C1037,2024-09-07,64286.13
O000425,C1037,2024-09-14,63751.14
O000426,C1037,2024-10-21,38829.08
O000427,C1037,2024-10-31,35245.16
O000428,C1037,2024-12-19,70762.79
O000429,C1037,2024-12-24,50618.2
O000430,C1037,2024-12-27,74073.81
O000431,C1037,2025-02-12,94482.09
O000432,C1037,2025-04-04,37296.42
O000433,C1037,2025-04-09,36234.0
O000434,C1037,2025-04-13,71595.21
O000435,C1037,2025-05-20,64945.96
O000436,C1037,2025-06-21,66221.26
O000437,C1037,2025-06-23,29821.26
O000438,C1037,2025-10-24,66261.16
O000439,C1038,2024-03-22,6060.44
O000440,C1038,2024-05-12,9652.55
O000441,C1038,2024-06-15,9325.67
O000442,C1038,2024-06-16,9156.39
O000443,C1038,2024-08-02,17881.28
O000444,C1038,2024-08-04,3416.28
O000445,C1038,2024-08-16,12235.09
O000446,C1038,2024-12-01,7829.7
O000447,C1038,2025-01-19,15688.96
O000448,C1038,2025-01-24,13853.12
O000449,C1038,2025-03-28,9666.18
O000450,C1038,2025-03-29,9857.28
O000451,C1038,2025-06-04,8409.7
O000452,C1038,2025-06-10,6342.94
O000453,C1038,2025-07-07,15739.23
O000454,C1038,2025-07-18,13791.11
O000455,C1038,2025-08-16,19863.23
O000456,C1038,2025-08-21,3855.42
O000457,C1038,2025-09-06,16774.53
O000458,C1038,2025-11-04,10539.02
O000459,C1038,2025-12-03,10053.67
O000460,C1038,2025-12-21,11455.71
O000461,C1038,2025-12-30,13124.57
O000462,C1039,2024-01-27,2224.36
O000463,C1039,2024-02-23,3508.9
O000464,C1039,2024-04-07,1693.14
O000465,C1039,2024-06-11,1878.24
O000466,C1039,2024-07-06,6144.95
O000467,C1039,2024-08-25,4843.7
O000468,C1039,2024-10-29,1693.71
O000469,C1039,2025-02-11,1940.26
O000470,C1039,2025-03-23,2359.24
O000471,C1040,2024-01-16,76836.4
O000472,C1040,2024-02-03,86679.67
O000473,C1040,2024-02-04,42706.32
O000474,C1040,2024-03-23,29937.4
O000475,C1040,2024-05-02,29782.46
O000476,C1040,2024-05-10,83399.56
O000477,C1040,2024-06-01,35856.33
O000478,C1040,2024-06-11,37148.73
O000479,C1040,2024-06-30,30430.18
O000480,C1040,2024-07-04,92991.87
O000481,C1040,2024-07-15,50582.04
O000482,C1040,2024-10-11,35773.9
O000483,C1040,2024-10-20,69142.93
O000484,C1040,2024-10-31,33391.69
O000485,C1040,2024-11-03,59065.03
O000486,C1040,2024-12-12,49209.62
O000487,C1040,2024-12-17,55639.41
O000488,C1040,2024-12-25,35370.02
O000489,C1040,2025-01-12,87247.79
O000490,C1040,2025-02-17,28382.18
O000491,C1040,2025-04-11,31581.08
O000492,C1040,2025-04-19,53946.11
O000493,C1040,2025-07-17,44248.21
O000494,C1040,2025-07-26,85994.77
O000495,C1040,2025-08-12,57346.13
O000496,C1040,2025-08-23,28829.02
O000497,C1040,2025-10-02,62870.51
O000498,C1040,2025-10-21,54023.24
O000499,C1040,2025-10-27,74157.12
O000500,C1040,2025-11-02,36029.66
O000501,C1040,2025-11-13,30521.04
O000502,C1040,2025-11-26,37620.77
O000503,C1041,2024-02-22,2475.08
O000504,C1041,2024-07-19,1593.41
O000505,C1041,2025-01-10,3058.82
O000506,C1041,2025-02-26,1225.51
O000507,C1041,2025-09-22,3078.54
O000508,C1042,2024-01-08,10717.36
O000509,C1042,2024-01-11,7693.2
O000510,C1042,2024-03-21,7061.43
O000511,C1042,2024-06-13,12454.58
O000512,C1042,2024-07-29,26899.7
O000513,C1042,2024-09-21,9403.08
O000514,C1042,2025-01-01,5253.68
O000515,C1042,2025-04-28,6422.53
O000516,C1042,2025-08-01,7330.57
O000517,C1042,2025-10-19,16820.8
O000518,C1042,2025-11-15,6475.08
O000519,C1042,2025-11-19,13880.22
O000520,C1043,2024-02-13,4048.24
O000521,C1043,2024-03-17,11491.79
O000522,C1043,2024-06-11,8446.94
O000523,C1043,2024-09-18,14772.41
O000524,C1043,2024-10-16,13076.88
O000525,C1043,2024-10-27,9080.24
O000526,C1043,2024-11-14,10159.59
O000527,C1043,2025-02-18,13157.94
O000528,C1043,2025-04-30,9111.09
O000529,C1043,2025-06-04,13635.92
O000530,C1043,2025-07-02,6694.58
O000531,C1043,2025-08-10,14147.33
O000532,C1043,2025-08-30,22826.36
O000533,C1043,2025-09-07,16196.19
O000534,C1043,2025-09-16,15085.1
O000535,C1043,2025-11-03,2166.11
O000536,C1044,2024-01-22,2614.66
O000537,C1044,2024-01-22,2165.49
O000538,C1044,2024-07-13,5199.14
O000539,C1044,2024-09-10,2260.43
O000540,C1044,2024-11-30,891.24
O000541,C1044,2024-12-01,5690.24
O000542,C1044,2024-12-08,1552.54
O000543,C1044,2025-04-19,4143.91
O000544,C1044,2025-09-27,5077.35
O000545,C1044,2025-10-15,5635.8
O000546,C1045,2024-03-11,18874.45
O000547,C1045,2024-03-15,5661.58
O000548,C1045,2024-04-07,12167.22
O000549,C1045,2024-05-05,11159.37
O000550,C1045,2024-09-04,8857.48
O000551,C1045,2024-10-18,7193.37
O000552,C1045,2024-11-27,9496.34
O000553,C1045,2024-12-08,8846.23
O000554,C1045,2025-01-30,32465.62
O000555,C1045,2025-02-18,4363.24
O000556,C1045,2025-03-11,13919.98
O000557,C1045,2025-05-19,10189.64
O000558,C1045,2025-07-10,7404.24
O000559,C1045,2025-09-09,10116.75
O000560,C1045,2025-10-16,5288.97
O000561,C1045,2025-12-04,9967.15
O000562,C1045,2025-12-21,13929.67
O000563,C1046,2024-01-03,2387.53
O000564,C1046,2024-01-19,1587.61
O000565,C1046,2024-02-19,2827.55
O000566,C1046,2024-08-01,2308.76
O000567,C1046,2024-09-20,2281.24
O000568,C1046,2025-05-07,2971.82
O000569,C1046,2025-06-02,4761.38
O000570,C1046,2025-10-13,2083.2
O000571,C1046,2025-10-24,2245.22
O000572,C1047,2024-02-06,3627.01
O000573,C1047,2024-02-23,1075.86
O000574,C1047,2024-09-07,1955.12
O000575,C1047,2025-04-17,3646.42
O000576,C1047,2025-07-05,3983.9
O000577,C1047,2025-09-13,1980.57
O000578,C1047,2025-10-10,1840.66
O000579,C1048,2024-04-02,3066.93
O000580,C1048,2024-05-09,1846.61
O000581,C1048,2024-07-17,2510.72
O000582,C1048,2025-09-09,2304.05
O000583,C1049,2024-01-05,10613.43
O000584,C1049,2024-01-23,11451.21
O000585,C1049,2024-03-10,10439.34
O000586,C1049,2024-03-12,6770.3
O000587,C1049,2024-03-27,11816.13
O000588,C1049,2024-05-25,6980.31
O000589,C1049,2024-05-27,9811.27
O000590,C1049,2024-06-09,6235.47
O000591,C1049,2024-07-13,7832.51
O000592,C1049,2024-08-05,18963.44
O000593,C1049,2024-08-20,6610.76
O000594,C1049,2024-10-07,11715.72
O000595,C1049,2024-10-17,12383.02
O000596,C1049,2025-01-13,7343.26
O000597,C1049,2025-03-13,37847.91
O000598,C1049,2025-08-06,11738.89
O000599,C1049,2025-09-06,14849.77
O000600,C1049,2025-11-02,16044.51
O000601,C1049,2025-12-03,5206.92
O000602,C1049,2025-12-10,16664.86
O000603,C1050,2024-03-06,2139.52
O000604,C1050,2024-05-24,891.38
O000605,C1050,2024-06-19,1603.81
O000606,C1050,2024-12-11,3911.89
O000607,C1050,2024-12-22,3975.8
O000608,C1050,2025-05-23,2780.92
O000609,C1050,2025-11-04,1044.62
O000610,C1050,2025-12-29,1382.6
O000611,C1051,2024-01-08,71755.59
O000612,C1051,2024-02-26,32210.61
O000613,C1051,2024-03-12,58956.34
O000614,C1051,2024-03-19,60317.36
O000615,C1051,2024-03-23,55724.33
O000616,C1051,2024-03-25,47816.27
O000617,C1051,2024-04-04,55246.44
O000618,C1051,2024-05-04,31903.06
O000619,C1051,2024-05-15,35382.24
O000620,C1051,2024-05-15,40766.58
O000621,C1051,2024-06-19,37539.21
O000622,C1051,2024-09-17,24309.49
O000623,C1051,2024-11-06,100012.93
O000624,C1051,2024-11-19,42173.43
O000625,C1051,2024-12-13,31172.09
O000626,C1051,2024-12-23,38935.49
O000627,C1051,2025-02-14,63830.61
O000628,C1051,2025-03-22,91951.42
O000629,C1051,2025-05-01,46443.69
O000630,C1051,2025-05-29,17389.91
O000631,C1051,2025-06-15,51150.04
O000632,C1051,2025-07-30,68523.34
O000633,C1051,2025-08-12,59018.54
O000634,C1051,2025-08-26,36984.93
O000635,C1051,2025-09-08,46148.33
O000636,C1051,2025-09-09,81721.74
O000637,C1051,2025-09-09,67643.43
O000638,C1051,2025-10-05,40027.58
O000639,C1051,2025-10-14,30658.78
O000640,C1051,2025-10-17,61558.37
O000641,C1051,2025-10-17,44613.63
O000642,C1051,2025-11-19,58785.77
O000643,C1052,2024-03-05,2359.58
O000644,C1052,2024-08-04,2973.92
O000645,C1052,2024-10-30,6032.56
O000646,C1052,2025-02-13,2891.81
O000647,C1052,2025-02-20,1590.4
O000648,C1052,2025-09-13,2673.73
O000649,C1052,2025-10-02,6632.37
O000650,C1053,2024-01-03,10337.25
O000651,C1053,2024-01-30,11925.41
O000652,C1053,2024-03-05,10043.7
O000653,C1053,2024-04-24,17421.96
O000654,C1053,2024-05-10,8860.73
O000655,C1053,2024-09-20,5105.95
O000656,C1053,2024-10-08,5450.21
O000657,C1053,2024-11-03,10232.07
O000658,C1053,2024-11-23,15138.28
O000659,C1053,2025-01-12,16602.19
O000660,C1053,2025-02-09,9820.11
O000661,C1053,2025-03-31,14271.87
O000662,C1053,2025-04-08,25380.81
O000663,C1053,2025-04-13,12545.37
O000664,C1053,2025-07-23,12311.75
O000665,C1053,2025-09-10,11392.11
O000666,C1053,2025-10-21,11958.89
O000667,C1053,2025-10-28,13102.84
O000668,C1053,2025-12-23,6539.42
O000669,C1053,2025-12-24,22359.69
O000670,C1054,2024-01-30,8604.34
O000671,C1054,2024-02-11,10902.44
O000672,C1054,2024-03-07,7193.01
O000673,C1054,2024-05-31,9580.78
O000674,C1054,2024-08-23,9395.11
O000675,C1054,2024-10-27,9657.5
O000676,C1054,2024-11-22,6361.42
O000677,C1054,2024-11-25,10957.34
O000678,C1054,2024-11-29,7872.67
O000679,C1054,2024-11-29,8336.49
O000680,C1054,2025-01-12,10111.78
O000681,C1054,2025-03-22,21074.53
O000682,C1054,2025-03-26,12613.87
O000683,C1054,2025-05-07,9116.92
O000684,C1054,2025-05-20,7930.5
O000685,C1054,2025-08-25,19749.12
O000686,C1054,2025-09-04,10754.78
O000687,C1054,2025-11-22,20274.86
O000688,C1055,2024-03-22,3960.83
O000689,C1055,2024-04-29,932.18
O000690,C1055,2024-08-30,2844.92
O000691,C1055,2024-10-30,1839.9
O000692,C1055,2025-03-25,1580.79
O000693,C1055,2025-06-22,2006.54
O000694,C1056,2024-10-22,2454.22
O000695,C1056,2024-11-13,772.74
O000696,C1056,2025-06-22,1918.32
O000697,C1057,2024-01-24,21083.91
O000698,C1057,2024-01-28,9386.08
O000699,C1057,2024-03-23,11107.37
O000700,C1057,2024-04-16,9380.15
O000701,C1057,2024-05-29,9944.67
O000702,C1057,2024-07-22,15496.8
O000703,C1057,2024-08-18,8074.12
O000704,C1057,2024-08-28,36493.92
O000705,C1057,2024-10-05,13754.63
O000706,C1057,2024-10-19,9854.96
O000707,C1057,2024-12-16,18709.94
O000708,C1057,2025-01-10,17140.56
O000709,C1057,2025-05-26,16648.87
O000710,C1057,2025-06-09,8410.41
O000711,C1057,2025-07-18,6840.25
O000712,C1057,2025-12-30,17823.4
O000713,C1058,2024-04-04,2086.89
O000714,C1058,2024-04-12,2149.66
O000715,C1058,2024-06-22,5429.88
O000716,C1058,2025-01-12,2659.87
O000717,C1058,2025-04-26,3277.45
O000718,C1058,2025-04-26,2146.01
O000719,C1058,2025-10-06,4054.88
O000720,C1058,2025-11-19,1373.28
O000721,C1058,2025-12-13,1651.0
O000722,C1059,2024-01-18,8899.53
O000723,C1059,2024-01-19,6477.29
O000724,C1059,2024-04-21,11375.63
O000725,C1059,2024-05-06,12084.69
O000726,C1059,2024-07-05,16466.07
O000727,C1059,2024-08-28,9510.16
O000728,C1059,2024-08-29,31122.43
O000729,C1059,2024-09-26,5875.78
O000730,C1059,2024-10-23,7305.14
O000731,C1059,2024-12-18,27571.15
O000732,C1059,2025-02-26,14247.04
O000733,C1059,2025-02-28,6594.16
O000734,C1059,2025-06-04,18922.11
O000735,C1059,2025-07-04,7137.14
O000736,C1059,2025-10-23,8841.56
O000737,C1059,2025-11-22,7913.31
O000738,C1059,2025-11-28,11145.81
O000739,C1060,2024-01-13,18266.65
O000740,C1060,2024-03-19,15013.44
O000741,C1060,2024-04-06,13795.55
O000742,C1060,2024-04-26,21580.43
O000743,C1060,2024-05-23,7970.31
O000744,C1060,2024-05-27,14879.28
O000745,C1060,2024-07-26,7486.28
O000746,C1060,2024-09-08,15288.76
O000747,C1060,2025-01-04,6286.69
O000748,C1060,2025-02-17,29172.46
O000749,C1060,2025-03-31,10471.69
O000750,C1060,2025-04-15,5331.29
O000751,C1060,2025-05-03,5330.64
O000752,C1060,2025-09-13,13187.0
O000753,C1060,2025-11-09,8478.7
O000754,C1060,2025-12-12,18993.66
O000755,C1061,2024-02-21,4174.87
O000756,C1061,2024-04-20,4858.69
O000757,C1061,2024-05-05,3115.18
O000758,C1061,2024-08-15,3986.93
O000759,C1061,2024-10-31,1182.26
O000760,C1061,2024-12-17,1502.71
O000761,C1061,2025-01-09,2725.06
O000762,C1061,2025-03-30,2242.63
O000763,C1061,2025-05-23,2735.33
O000764,C1061,2025-08-11,3582.15
O000765,C1062,2025-02-02,5010.51
O000766,C1062,2025-04-07,3317.3
O000767,C1062,2025-04-10,1949.42
O000768,C1062,2025-05-14,5283.56
O000769,C1062,2025-05-29,1071.55
O000770,C1062,2025-06-30,2575.81
O000771,C1062,2025-07-11,2967.25
O000772,C1062,2025-11-22,4111.93
O000773,C1062,2025-12-27,1720.36
O000774,C1063,2024-01-13,2919.51
O000775,C1063,2024-09-06,2081.84
O000776,C1063,2025-02-15,1145.72
O000777,C1063,2025-03-08,4381.69
O000778,C1063,2025-07-11,1807.21
O000779,C1063,2025-07-20,1618.46
O000780,C1063,2025-08-15,4041.88
O000781,C1064,2024-05-22,4445.9
O000782,C1064,2025-01-12,3033.79
O000783,C1064,2025-04-26,2858.82
O000784,C1064,2025-08-12,3598.93
O000785,C1064,2025-09-10,1859.06
O000786,C1064,2025-10-14,1933.4
O000787,C1064,2025-10-27,3294.12
O000788,C1064,2025-12-28,5277.89
O000789,C1065,2024-01-12,3834.36
O000790,C1065,2024-05-01,1475.24
O000791,C1065,2024-08-12,926.97
O000792,C1065,2024-10-22,2147.81
O000793,C1065,2025-01-23,5914.67
O000794,C1065,2025-08-21,753.09
O000795,C1065,2025-10-03,1778.77
O000796,C1066,2024-01-11,15447.88
O000797,C1066,2024-01-17,14045.54
O000798,C1066,2024-01-26,6106.67
O000799,C1066,2024-09-03,12541.26
O000800,C1066,2024-09-17,10391.62
O000801,C1066,2024-11-16,7066.89
O000802,C1066,2024-11-19,22188.27
O000803,C1066,2025-01-18,9971.48
O000804,C1066,2025-02-09,16674.11
O000805,C1066,2025-02-22,14186.13
O000806,C1066,2025-04-05,15195.83
O000807,C1066,2025-07-13,18342.04
O000808,C1066,2025-07-26,4215.69
O000809,C1066,2025-08-14,9448.53
O000810,C1066,2025-08-17,16779.41
O000811,C1066,2025-09-07,15563.42
O000812,C1066,2025-09-28,12023.42
O000813,C1067,2024-02-29,5452.99
O000814,C1067,2024-03-05,1914.57
O000815,C1067,2024-04-22,1962.05
O000816,C1067,2024-05-07,3997.66
O000817,C1067,2025-06-11,1295.94
O000818,C1067,2025-08-30,2437.76
O000819,C1067,2025-09-09,1018.8
O000820,C1068,2024-02-05,50084.86
O000821,C1068,2024-02-27,41636.5
O000822,C1068,2024-03-02,26035.57
O000823,C1068,2024-04-10,79595.22
O000824,C1068,2024-05-14,38552.73
O000825,C1068,2024-05-17,72665.01
O000826,C1068,2024-05-20,53920.68
O000827,C1068,2024-06-24,29677.87
O000828,C1068,2024-07-13,88094.96
O000829,C1068,2024-07-18,47457.45
O000830,C1068,2024-07-22,41586.19
O000831,C1068,2024-08-10,86453.7
O000832,C1068,2024-10-05,59764.41
O000833,C1068,2024-10-12,31003.9
O000834,C1068,2024-10-31,79287.97
O000835,C1068,2024-11-20,46658.26
O000836,C1068,2024-12-13,62607.51
O000837,C1068,2024-12-13,41790.69
O000838,C1068,2025-01-08,67180.24
O000839,C1068,2025-01-12,33514.08
O000840,C1068,2025-01-12,26231.39
O000841,C1068,2025-01-13,36803.25
O000842,C1068,2025-02-10,73009.94
O000843,C1068,2025-02-22,114373.79
O000844,C1068,2025-03-08,23298.52
O000845,C1068,2025-03-27,35156.09
O000846,C1068,2025-03-31,53621.45
O000847,C1068,2025-04-16,33655.0
O000848,C1068,2025-05-26,35325.82
O000849,C1068,2025-07-18,34300.98
O000850,C1068,2025-07-25,41398.0
O000851,C1068,2025-10-06,30353.94
O000852,C1068,2025-10-13,28924.57
O000853,C1068,2025-10-20,56459.84
O000854,C1068,2025-10-26,70849.07
O000855,C1068,2025-11-12,38639.6
O000856,C1068,2025-12-06,31858.16
O000857,C1069,2024-06-17,3212.15
O000858,C1069,2024-06-27,1935.2
O000859,C1069,2024-12-22,1627.99
O000860,C1069,2025-01-18,3486.08
O000861,C1069,2025-02-20,2782.97
O000862,C1069,2025-04-07,3323.92
O000863,C1069,2025-07-28,3235.64
O000864,C1069,2025-11-05,1777.0
O000865,C1070,2024-01-13,45116.42
O000866,C1070,2024-02-26,43159.13
O000867,C1070,2024-03-09,37052.42
O000868,C1070,2024-03-31,38594.12
O000869,C1070,2024-05-27,83525.85
O000870,C1070,2024-06-29,51026.88
O000871,C1070,2024-07-05,64589.44
O000872,C1070,2024-09-04,63304.67
O000873,C1070,2024-09-07,39070.65
O000874,C1070,2024-09-29,24967.67
O000875,C1070,2024-10-13,68694.39
O000876,C1070,2024-12-14,72689.34
O000877,C1070,2025-01-12,42030.71
O000878,C1070,2025-02-11,72798.23
O000879,C1070,2025-02-11,59350.38
O000880,C1070,2025-04-21,28529.85
O000881,C1070,2025-06-15,36914.75
O000882,C1070,2025-07-24,77304.75
O000883,C1070,2025-08-01,60794.12
O000884,C1070,2025-08-20,98225.34
O000885,C1070,2025-09-03,41741.05
O000886,C1070,2025-09-05,34796.17
O000887,C1070,2025-09-14,86351.13
O000888,C1070,2025-10-23,103606.82
O000889,C1070,2025-11-10,33673.02
O000890,C1070,2025-11-17,27388.77
O000891,C1070,2025-12-16,32195.23
O000892,C1070,2025-12-30,33012.69
O000893,C1071,2024-01-16,2599.85
O000894,C1071,2024-01-20,1761.99
O000895,C1071,2024-02-03,1380.74
O000896,C1071,2024-09-09,1792.42
O000897,C1071,2024-12-10,3090.09
O000898,C1071,2025-11-29,2498.39
O000899,C1072,2024-01-12,2117.1
O000900,C1072,2024-04-22,1539.09
O000901,C1072,2024-06-15,1332.15
O000902,C1072,2024-07-24,3956.96
O000903,C1072,2025-01-09,2420.36
O000904,C1072,2025-02-05,4244.99
O000905,C1072,2025-02-24,3651.87
O000906,C1072,2025-03-13,4510.12
O000907,C1072,2025-04-03,2644.91
O000908,C1073,2024-03-18,2646.54
O000909,C1073,2024-04-24,3645.71
O000910,C1073,2024-08-06,7910.99
O000911,C1073,2024-10-21,7755.33
O000912,C1073,2024-11-16,2637.95
O000913,C1073,2025-02-24,1366.22
O000914,C1073,2025-04-24,3237.88
O000915,C1073,2025-06-09,6345.53
O000916,C1073,2025-07-07,1953.88
O000917,C1073,2025-08-22,1609.87
O000918,C1073,2025-10-06,2309.65
O000919,C1074,2024-02-20,2590.48
O000920,C1074,2024-06-12,1640.78
O000921,C1074,2024-10-10,6023.31
O000922,C1074,2024-11-01,2010.81
O000923,C1074,2024-11-20,3159.98
O000924,C1074,2025-04-25,3304.49
O000925,C1074,2025-07-05,1668.58
O000926,C1074,2025-07-13,4154.78
O000927,C1075,2024-05-17,4216.86
O000928,C1075,2024-05-28,5031.93
O000929,C1075,2024-07-04,1675.25
O000930,C1075,2024-08-03,2258.54
O000931,C1075,2025-02-04,2991.62
O000932,C1075,2025-03-19,1999.23
O000933,C1075,2025-05-15,3646.5
O000934,C1075,2025-05-25,2895.05
O000935,C1075,2025-06-14,1505.09
O000936,C1076,2025-04-28,843.73
O000937,C1076,2025-06-19,4142.54
O000938,C1076,2025-10-20,1998.39
O000939,C1076,2025-11-08,2162.84
O000940,C1076,2025-12-15,3594.79
O000941,C1077,2024-02-05,1980.65
O000942,C1077,2024-02-06,1093.46
O000943,C1077,2024-03-20,4674.32
O000944,C1077,2024-06-15,2308.58
O000945,C1077,2024-09-20,2179.82
O000946,C1077,2025-02-15,2175.87
O000947,C1077,2025-03-15,5091.58
O000948,C1077,2025-08-19,2229.22
O000949,C1078,2024-01-10,50845.71
O000950,C1078,2024-02-03,41292.49
O000951,C1078,2024-02-09,39625.36
O000952,C1078,2024-02-11,26442.99
O000953,C1078,2024-04-22,40457.5
O000954,C1078,2024-04-30,59446.66
O000955,C1078,2024-05-08,79333.22
O000956,C1078,2024-05-11,22266.83
O000957,C1078,2024-07-05,50593.14
O000958,C1078,2024-07-06,26059.51
O000959,C1078,2024-07-20,34840.33
O000960,C1078,2024-08-12,90715.11
O000961,C1078,2024-09-21,45648.03
O000962,C1078,2024-10-10,39511.59
O000963,C1078,2024-11-07,70190.7
O000964,C1078,2024-12-01,44107.03
O000965,C1078,2025-01-13,45935.16
O000966,C1078,2025-02-01,50669.76
O000967,C1078,2025-03-07,40732.51
O000968,C1078,2025-04-10,28394.78
O000969,C1078,2025-04-23,31140.42
O000970,C1078,2025-05-06,65210.03
O000971,C1078,2025-06-29,40199.36
O000972,C1078,2025-07-08,43312.73
O000973,C1078,2025-07-11,21778.92
O000974,C1078,2025-09-23,60669.58
O000975,C1078,2025-10-10,81237.06
O000976,C1078,2025-11-26,24332.98
O000977,C1078,2025-12-21,55009.61
O000978,C1079,2024-03-30,8605.58
O000979,C1079,2024-04-03,22457.16
O000980,C1079,2024-05-05,10670.42
O000981,C1079,2024-06-07,8388.27
O000982,C1079,2024-06-26,8739.51
O000983,C1079,2024-07-08,15991.4
O000984,C1079,2024-07-17,6482.76
O000985,C1079,2024-08-17,6724.06
O000986,C1079,2024-08-19,13293.72
O000987,C1079,2024-09-02,21088.81
O000988,C1079,2024-09-16,8865.7
O000989,C1079,2024-10-09,8829.98
O000990,C1079,2024-11-13,14147.19
O000991,C1079,2025-04-15,10659.39
O000992,C1079,2025-08-17,10574.55
O000993,C1079,2025-09-06,8865.5
O000994,C1079,2025-09-11,6968.98
O000995,C1079,2025-11-04,8499.72
O000996,C1079,2025-11-27,8009.02
O000997,C1079,2025-12-15,9284.95
O000998,C1080,2024-01-03,4443.41
O000999,C1080,2024-05-14,1340.82
O001000,C1080,2024-07-25,754.09
O001001,C1080,2024-08-04,4265.36
O001002,C1080,2024-11-20,2300.82
O001003,C1080,2025-01-09,1513.59
O001004,C1080,2025-04-02,2588.35
O001005,C1080,2025-04-19,2575.38
O001006,C1080,2025-10-03,1567.24
O001007,C1080,2025-10-24,2266.98
O001008,C1080,2025-11-02,2415.98
O001009,C1081,2024-02-28,4159.99
O001010,C1081,2024-03-21,2775.44
O001011,C1081,2024-11-29,3003.34
O001012,C1081,2024-12-09,1690.53
O001013,C1081,2025-03-05,2595.77
O001014,C1081,2025-04-26,1662.7
O001015,C1081,2025-08-07,1728.28
O001016,C1081,2025-08-19,1887.02
O001017,C1081,2025-09-12,4077.48
O001018,C1081,2025-12-09,2935.47
O001019,C1081,2025-12-11,3091.68
O001020,C1082,2024-07-03,3794.75
O001021,C1082,2024-12-04,1983.08
O001022,C1082,2025-01-03,2376.86
O001023,C1082,2025-02-24,2017.46
O001024,C1082,2025-03-04,1650.3
O001025,C1082,2025-03-13,4131.07
O001026,C1082,2025-07-01,3795.13
O001027,C1082,2025-09-11,3090.73
O001028,C1082,2025-12-12,4437.29
O001029,C1083,2024-03-01,117121.43
O001030,C1083,2024-03-18,49443.21
O001031,C1083,2024-03-28,92685.15
O001032,C1083,2024-04-29,44834.98
O001033,C1083,2024-05-03,44802.75
O001034,C1083,2024-05-03,45379.78
O001035,C1083,2024-05-09,50594.12
O001036,C1083,2024-05-16,59744.36
O001037,C1083,2024-05-18,80260.92
O001038,C1083,2024-06-29,41797.11
O001039,C1083,2024-08-09,27422.92
O001040,C1083,2024-08-10,54983.29
O001041,C1083,2024-09-08,50618.12
O001042,C1083,2024-11-30,36430.29
O001043,C1083,2025-01-07,53019.78
O001044,C1083,2025-01-27,67933.85
O001045,C1083,2025-01-28,56694.58
O001046,C1083,2025-03-11,49026.11
O001047,C1083,2025-03-19,93280.27
O001048,C1083,2025-05-11,36547.46
O001049,C1083,2025-05-30,78115.18
O001050,C1083,2025-07-11,52045.95
O001051,C1083,2025-07-27,37381.29
O001052,C1083,2025-08-15,29143.71
O001053,C1083,2025-09-14,49985.37
O001054,C1083,2025-10-07,42925.64
O001055,C1083,2025-11-07,64283.87
O001056,C1083,2025-11-30,57008.33
O001057,C1083,2025-12-09,30468.03
O001058,C1083,2025-12-25,62009.96
O001059,C1084,2024-01-01,1556.91
O001060,C1084,2024-03-13,2449.2
O001061,C1084,2024-05-21,3707.77
O001062,C1084,2024-06-15,950.37
O001063,C1084,2024-07-08,2592.39
O001064,C1084,2024-09-09,2312.02
O001065,C1084,2024-09-16,4615.8
O001066,C1084,2024-11-27,2854.1
O001067,C1084,2024-12-10,2776.96
O001068,C1084,2025-02-03,2234.58
O001069,C1084,2025-08-21,3754.99
O001070,C1085,2024-03-27,11214.17
O001071,C1085,2024-05-04,7729.92
O001072,C1085,2024-07-09,19463.12
O001073,C1085,2024-07-20,10508.59
O001074,C1085,2024-07-30,10552.37
O001075,C1085,2024-09-09,7327.79
O001076,C1085,2024-10-17,9273.66
O001077,C1085,2024-11-15,8674.61
O001078,C1085,2024-12-27,18221.95
O001079,C1085,2025-01-20,15030.78
O001080,C1085,2025-03-15,14834.23
O001081,C1085,2025-04-26,9294.16
O001082,C1085,2025-04-29,6189.92
O001083,C1085,2025-05-12,9073.65
O001084,C1085,2025-06-04,4505.45
O001085,C1085,2025-06-09,11111.22
O001086,C1085,2025-09-02,8960.27
O001087,C1085,2025-09-13,10267.72
O001088,C1086,2024-06-30,2330.76
O001089,C1086,2024-09-01,1378.42
O001090,C1086,2025-06-21,2846.85
O001091,C1086,2025-11-01,4186.38
O001092,C1087,2024-02-12,19894.27
O001093,C1087,2024-02-20,23294.76
O001094,C1087,2024-03-17,13845.49
O001095,C1087,2024-04-13,19899.07
O001096,C1087,2024-06-05,10090.26
O001097,C1087,2024-06-10,15051.1
O001098,C1087,2024-07-09,7288.79
O001099,C1087,2024-09-16,18086.11
O001100,C1087,2025-01-13,15907.63
O001101,C1087,2025-01-18,5153.69
O001102,C1087,2025-08-26,29307.56
O001103,C1087,2025-09-24,8825.58
O001104,C1087,2025-10-01,6497.67
O001105,C1088,2024-05-04,2660.79
O001106,C1088,2024-05-31,1792.02
O001107,C1088,2024-09-23,2067.67
O001108,C1088,2024-11-05,4594.4
O001109,C1088,2024-11-22,1521.76
O001110,C1088,2025-02-06,2194.05
O001111,C1088,2025-02-12,1365.93
O001112,C1088,2025-03-12,4297.19
O001113,C1088,2025-03-16,3787.87
O001114,C1088,2025-09-17,2978.61
O001115,C1088,2025-10-13,1408.78
O001116,C1088,2025-10-14,2832.34
O001117,C1088,2025-10-31,4580.58
O001118,C1089,2024-11-11,2809.68
O001119,C1089,2025-02-06,1473.13
O001120,C1089,2025-05-23,3568.61
O001121,C1089,2025-11-11,1646.26
O001122,C1089,2025-11-24,4159.79
O001123,C1090,2024-01-18,4961.75
O001124,C1090,2024-03-30,1493.73
O001125,C1090,2024-04-06,2909.53
O001126,C1090,2024-09-12,5559.7
O001127,C1090,2025-02-04,1081.12
O001128,C1090,2025-03-17,2846.55
O001129,C1090,2025-08-24,3459.48
O001130,C1090,2025-10-23,2473.71
O001131,C1090,2025-12-22,2515.68
O001132,C1091,2024-01-07,6259.49
O001133,C1091,2024-02-23,6581.13
O001134,C1091,2024-04-21,3204.96
O001135,C1091,2024-08-01,4534.14
O001136,C1091,2024-10-15,2632.68
O001137,C1091,2024-12-10,3250.88
O001138,C1091,2025-02-05,2058.32
O001139,C1091,2025-12-13,4892.74
O001140,C1091,2025-12-30,2621.31
O001141,C1092,2024-01-12,39028.33
O001142,C1092,2024-02-11,68222.1
O001143,C1092,2024-02-29,55727.88
O001144,C1092,2024-03-25,55768.99
O001145,C1092,2024-05-18,53592.81
O001146,C1092,2024-06-01,65418.06
O001147,C1092,2024-07-25,71392.1
O001148,C1092,2024-08-17,73625.03
O001149,C1092,2024-09-04,44704.27
O001150,C1092,2024-09-05,49626.33
O001151,C1092,2024-10-03,150316.15
O001152,C1092,2024-10-27,29786.71
O001153,C1092,2024-10-28,39366.11
O001154,C1092,2024-11-26,82538.97
O001155,C1092,2024-11-27,115773.14
O001156,C1092,2025-01-09,40411.41
O001157,C1092,2025-01-09,22513.23
O001158,C1092,2025-01-11,54344.84
O001159,C1092,2025-02-12,121562.28
O001160,C1092,2025-02-12,52232.43
O001161,C1092,2025-02-13,34534.14
O001162,C1092,2025-02-13,113002.63
O001163,C1092,2025-03-01,47032.01
O001164,C1092,2025-04-08,18512.46
O001165,C1092,2025-05-21,68547.09
O001166,C1092,2025-09-06,35620.39
O001167,C1092,2025-10-08,69303.14
O001168,C1092,2025-10-22,36385.74
O001169,C1092,2025-11-26,41686.71
O001170,C1093,2024-01-28,17662.4
O001171,C1093,2024-04-06,7252.85
O001172,C1093,2024-10-04,6626.27
O001173,C1093,2024-10-15,16963.01
O001174,C1093,2024-11-25,8756.17
O001175,C1093,2024-11-26,16699.12
O001176,C1093,2025-02-17,5394.31
O001177,C1093,2025-03-05,4885.12
O001178,C1093,2025-04-10,19991.55
O001179,C1093,2025-05-30,12670.6
O001180,C1093,2025-08-06,12880.99
O001181,C1093,2025-11-10,13475.8
O001182,C1093,2025-12-10,14369.36
O001183,C1094,2024-03-13,2838.07
O001184,C1094,2024-05-22,4404.04
O001185,C1094,2024-07-19,1152.95
O001186,C1094,2025-06-05,2950.43
O001187,C1094,2025-12-28,2019.98
O001188,C1095,2024-02-11,22050.39
O001189,C1095,2024-02-24,7178.8
O001190,C1095,2024-03-15,10704.34
O001191,C1095,2024-04-19,8213.55
O001192,C1095,2024-07-31,16285.53
O001193,C1095,2024-08-25,6084.49
O001194,C1095,2024-10-17,9853.95
O001195,C1095,2024-11-16,8545.68
O001196,C1095,2024-11-19,15954.39
O001197,C1095,2025-01-22,9549.47
O001198,C1095,2025-03-07,12705.79
O001199,C1095,2025-05-29,8504.82
O001200,C1095,2025-07-09,3964.56
O001201,C1095,2025-07-17,10425.34
O001202,C1095,2025-08-02,18055.35
O001203,C1095,2025-09-09,15211.84
O001204,C1095,2025-09-28,5649.83
O001205,C1095,2025-10-06,23430.22
O001206,C1095,2025-10-14,9949.63
O001207,C1095,2025-10-22,12763.28
O001208,C1095,2025-10-22,8848.4
O001209,C1095,2025-10-23,15230.88
O001210,C1095,2025-12-15,17135.84
O001211,C1096,2024-03-15,4210.2
O001212,C1096,2024-04-30,2979.61
O001213,C1096,2024-05-02,2675.61
O001214,C1096,2024-08-12,9695.83
O001215,C1096,2025-06-28,2617.64
O001216,C1097,2024-05-27,2424.82
O001217,C1097,2024-07-01,1740.61
O001218,C1097,2024-07-26,2173.53
O001219,C1097,2024-10-24,830.6
O001220,C1097,2024-12-01,2318.96
O001221,C1097,2025-04-26,13695.63
O001222,C1097,2025-05-14,2543.2
O001223,C1097,2025-09-29,1628.97
O001224,C1098,2024-06-10,1085.04
O001225,C1098,2024-06-17,2754.11
O001226,C1098,2024-06-22,2243.83
O001227,C1098,2024-08-15,1096.12
O001228,C1098,2024-08-21,1841.74
O001229,C1098,2024-10-14,2772.08
O001230,C1098,2024-10-25,4885.8
O001231,C1098,2025-01-30,2094.11
O001232,C1098,2025-06-07,2384.01
O001233,C1098,2025-07-03,5590.98
O001234,C1098,2025-08-02,2622.23
O001235,C1098,2025-09-28,4848.33
O001236,C1098,2025-10-10,3066.49
O001237,C1099,2024-01-23,3968.75
O001238,C1099,2024-08-22,3027.38
O001239,C1099,2024-10-02,2328.93
O001240,C1099,2024-12-20,1373.34
O001241,C1099,2025-03-09,5039.49
O001242,C1099,2025-06-27,8678.96
O001243,C1099,2025-07-17,4723.74
O001244,C1099,2025-09-07,3347.21
O001245,C1099,2025-10-05,2541.68
O001246,C1100,2024-01-20,1718.22
O001247,C1100,2024-02-20,4269.6
O001248,C1100,2024-05-06,3917.18
O001249,C1100,2024-07-23,1395.99
O001250,C1100,2024-12-15,1292.97
O001251,C1100,2024-12-19,2008.68
O001252,C1100,2025-01-24,3531.91
O001253,C1100,2025-04-16,3064.6
O001254,C1101,2024-02-22,2726.32
O001255,C1101,2024-09-13,2651.92
O001256,C1101,2024-10-06,2516.34
O001257,C1101,2024-11-21,1764.47
O001258,C1101,2024-12-09,3897.58
O001259,C1101,2025-09-10,1594.15
O001260,C1101,2025-10-29,3722.26
O001261,C1102,2024-01-11,2817.31
O001262,C1102,2024-04-07,1690.09
O001263,C1102,2024-05-17,3881.94
O001264,C1102,2024-06-14,5645.17
O001265,C1102,2024-08-20,1059.6
O001266,C1102,2024-12-16,1527.16
O001267,C1102,2024-12-24,1921.76
O001268,C1102,2025-01-09,1265.18
O001269,C1102,2025-01-17,939.22
O001270,C1102,2025-01-18,2490.04
O001271,C1102,2025-02-11,2984.29
O001272,C1102,2025-11-12,2998.04
O001273,C1102,2025-12-02,1662.39
O001274,C1103,2024-01-10,1561.59
O001275,C1103,2024-04-19,2838.14
O001276,C1103,2024-04-27,2999.31
O001277,C1103,2024-08-24,2242.31
O001278,C1103,2024-10-06,3057.69
O001279,C1103,2025-01-26,1757.17
O001280,C1103,2025-04-08,2222.87
O001281,C1103,2025-04-18,4932.64
O001282,C1103,2025-09-03,1126.05
O001283,C1103,2025-09-19,4792.61
O001284,C1104,2024-02-17,5307.35
O001285,C1104,2024-08-09,4082.17
O001286,C1104,2025-02-09,1588.95
O001287,C1104,2025-07-04,2808.57
O001288,C1104,2025-12-26,3277.97
O001289,C1105,2024-02-01,1929.95
O001290,C1105,2024-02-03,1868.83
O001291,C1105,2024-03-05,3141.27
O001292,C1105,2024-03-23,3185.62
O001293,C1105,2024-08-13,1374.46
O001294,C1105,2024-09-03,7083.92
O001295,C1105,2024-11-19,5727.22
O001296,C1105,2025-01-27,3390.1
O001297,C1105,2025-06-10,1778.68
O001298,C1105,2025-07-31,2013.04
O001299,C1105,2025-09-24,2211.3
O001300,C1105,2025-12-25,8142.8
O001301,C1106,2024-06-16,2045.02
O001302,C1106,2024-12-03,2240.37
O001303,C1106,2025-01-26,4627.1
O001304,C1106,2025-04-13,2095.17
O001305,C1106,2025-04-26,2033.32
O001306,C1106,2025-06-07,1639.53
O001307,C1106,2025-10-25,1492.63
O001308,C1106,2025-12-29,2633.21
O001309,C1107,2024-01-24,8074.08
O001310,C1107,2024-02-17,11691.75
O001311,C1107,2024-08-19,8922.05
O001312,C1107,2024-09-03,10660.53
O001313,C1107,2024-09-22,8860.41
O001314,C1107,2025-02-03,11517.89
O001315,C1107,2025-05-01,9938.47
O001316,C1107,2025-06-05,10713.25
O001317,C1107,2025-06-16,6690.91
O001318,C1107,2025-06-23,6689.24
O001319,C1107,2025-11-05,9507.48
O001320,C1107,2025-11-18,19132.47
O001321,C1108,2024-01-04,5959.58
O001322,C1108,2024-02-24,1858.01
O001323,C1108,2024-06-16,3892.62
O001324,C1108,2024-08-14,631.23
O001325,C1108,2024-10-11,1872.96
O001326,C1108,2024-11-16,2479.39
O001327,C1108,2025-03-03,2809.57
O001328,C1108,2025-06-02,1520.17
O001329,C1108,2025-06-03,1376.26
O001330,C1108,2025-06-30,1690.03
O001331,C1108,2025-08-13,4583.52
O001332,C1108,2025-09-02,5560.81
O001333,C1109,2024-05-28,2898.17
O001334,C1109,2024-07-10,6348.05
O001335,C1109,2025-04-09,3448.1
O001336,C1109,2025-05-30,5239.13
O001337,C1110,2024-03-21,1136.01
O001338,C1110,2024-04-24,1034.22
O001339,C1110,2024-06-14,1043.63
O001340,C1110,2024-08-10,2926.33
O001341,C1110,2024-08-27,3335.23
O001342,C1110,2024-12-14,3069.66
O001343,C1110,2025-03-23,1244.54
O001344,C1111,2024-06-30,2942.75
O001345,C1111,2024-09-16,844.84
O001346,C1111,2024-11-20,3543.1
O001347,C1111,2025-01-13,2446.61
O001348,C1111,2025-03-26,2194.77
O001349,C1111,2025-06-20,2013.48
O001350,C1111,2025-08-09,2171.62
O001351,C1111,2025-10-03,3675.51
O001352,C1111,2025-11-05,5343.11
O001353,C1112,2024-01-16,10024.28
O001354,C1112,2024-02-29,17798.49
O001355,C1112,2024-04-20,7887.95
O001356,C1112,2024-06-16,33683.92
O001357,C1112,2024-07-28,9045.77
O001358,C1112,2024-09-09,14306.25
O001359,C1112,2024-11-28,29772.11
O001360,C1112,2024-12-14,8734.77
O001361,C1112,2024-12-21,12576.97
O001362,C1112,2025-01-01,13191.42
O001363,C1112,2025-04-28,12032.98
O001364,C1112,2025-06-08,8729.74
O001365,C1112,2025-06-14,5893.02
O001366,C1112,2025-07-19,4170.24
O001367,C1112,2025-07-26,11462.0
O001368,C1112,2025-09-29,20055.32
O001369,C1112,2025-10-17,6361.32
O001370,C1112,2025-12-11,17193.97
O001371,C1113,2024-06-03,2320.11
O001372,C1113,2024-12-23,661.03
O001373,C1113,2025-02-13,1159.01
O001374,C1113,2025-06-06,4376.22
O001375,C1113,2025-07-02,3099.53
O001376,C1113,2025-09-20,4533.24
O001377,C1114,2024-04-09,1450.94
O001378,C1114,2024-05-24,2782.38
O001379,C1114,2024-08-05,2191.32
O001380,C1114,2024-09-16,1347.57
O001381,C1114,2025-04-02,1269.6
O001382,C1114,2025-05-15,968.53
O001383,C1114,2025-06-10,2940.57
O001384,C1114,2025-08-05,3136.81
O001385,C1115,2024-01-04,147473.66
O001386,C1115,2024-01-12,52075.31
O001387,C1115,2024-01-19,71913.42
O001388,C1115,2024-02-06,37323.4
O001389,C1115,2024-02-14,28956.11
O001390,C1115,2024-02-29,93274.79
O001391,C1115,2024-03-06,41996.18
O001392,C1115,2024-03-08,39800.76
O001393,C1115,2024-05-16,44269.79
O001394,C1115,2024-05-24,40094.31
O001395,C1115,2024-06-05,50314.74
O001396,C1115,2024-06-28,34232.97
O001397,C1115,2024-07-08,29236.58
O001398,C1115,2024-09-23,108263.07
O001399,C1115,2024-09-30,35816.74
O001400,C1115,2024-11-24,33839.45
O001401,C1115,2024-12-06,64610.04
O001402,C1115,2024-12-16,53446.87
O001403,C1115,2025-01-21,76394.49
O001404,C1115,2025-02-27,48235.22
O001405,C1115,2025-04-12,80322.65
O001406,C1115,2025-04-15,69137.85
O001407,C1115,2025-05-04,44166.85
O001408,C1115,2025-05-09,35981.33
O001409,C1115,2025-05-19,89816.06
O001410,C1115,2025-06-09,54990.17
O001411,C1115,2025-06-11,186470.86
O001412,C1115,2025-06-15,44190.38
O001413,C1115,2025-07-26,77015.83
O001414,C1115,2025-08-19,105301.34
O001415,C1115,2025-08-21,78604.94
O001416,C1115,2025-09-01,31321.8
O001417,C1115,2025-09-19,44148.21
O001418,C1115,2025-10-14,85942.62
O001419,C1115,2025-11-05,34256.18
O001420,C1115,2025-11-06,75770.17
O001421,C1115,2025-11-13,55975.11
O001422,C1115,2025-11-28,73260.29
O001423,C1115,2025-11-29,35615.27
O001424,C1115,2025-12-11,59362.77
O001425,C1115,2025-12-20,83768.34
O001426,C1116,2024-02-04,2360.14
O001427,C1116,2024-05-31,2851.45
O001428,C1116,2025-03-28,1744.21
O001429,C1116,2025-07-12,788.05
O001430,C1116,2025-12-06,3057.67
O001431,C1116,2025-12-26,2408.55
O001432,C1117,2024-03-21,12545.17
O001433,C1117,2024-03-21,19405.96
O001434,C1117,2024-04-21,10504.51
O001435,C1117,2024-05-02,7426.08
O001436,C1117,2024-10-14,19847.34
O001437,C1117,2024-10-21,7373.46
O001438,C1117,2025-03-31,6548.13
O001439,C1117,2025-04-14,17094.74
O001440,C1117,2025-08-17,52198.73
O001441,C1117,2025-08-19,13169.83
O001442,C1118,2024-07-26,2825.57
O001443,C1118,2024-08-07,2227.72
O001444,C1118,2024-08-26,972.44
O001445,C1118,2024-09-10,2567.65
O001446,C1118,2024-09-18,4699.55
O001447,C1118,2024-09-30,1884.3
O001448,C1118,2024-11-28,3054.72
O001449,C1118,2025-04-14,2298.2
O001450,C1118,2025-10-11,4449.05
O001451,C1119,2024-01-05,77990.11
O001452,C1119,2024-02-10,39809.39
O001453,C1119,2024-05-14,111100.67
O001454,C1119,2024-07-26,45741.71
O001455,C1119,2024-09-13,69087.42
O001456,C1119,2024-10-08,25305.33
O001457,C1119,2024-11-27,66407.95
O001458,C1119,2025-02-19,48136.87
O001459,C1119,2025-03-16,42777.31
O001460,C1119,2025-04-06,29008.06
O001461,C1119,2025-04-26,78476.32
O001462,C1119,2025-05-06,108302.36
O001463,C1119,2025-06-08,34259.01
O001464,C1119,2025-06-23,59188.55
O001465,C1119,2025-07-31,39648.2
O001466,C1119,2025-08-21,52543.22
O001467,C1119,2025-11-10,88342.25
O001468,C1119,2025-11-13,41343.67
O001469,C1119,2025-12-18,45557.93
O001470,C1120,2024-03-22,2269.73
O001471,C1120,2024-09-01,3404.83
O001472,C1120,2024-09-07,2750.83
O001473,C1120,2024-10-31,2694.47
O001474,C1120,2024-11-30,2458.86
O001475,C1120,2024-12-09,1080.59
O001476,C1120,2025-03-18,3696.84
O001477,C1120,2025-04-17,1327.49
O001478,C1120,2025-08-21,1850.71
O001479,C1120,2025-10-24,5504.34
O001480,C1120,2025-11-27,820.9
O001481,C1121,2024-01-03,1654.08
O001482,C1121,2024-05-04,2285.2
O001483,C1121,2024-06-07,6722.07
O001484,C1121,2024-06-09,2625.12
O001485,C1121,2024-06-30,3418.29
O001486,C1121,2024-12-09,3667.8
O001487,C1121,2025-05-14,3373.88
O001488,C1121,2025-07-26,3113.45
O001489,C1121,2025-08-02,2292.84
O001490,C1121,2025-11-03,1355.63
O001491,C1122,2024-02-05,11397.96
O001492,C1122,2024-02-06,16539.78
O001493,C1122,2024-05-31,21471.13
O001494,C1122,2024-07-24,15264.19
O001495,C1122,2024-07-27,15137.24
O001496,C1122,2024-08-10,16868.34
O001497,C1122,2024-09-06,10915.8
O001498,C1122,2024-10-12,22090.24
O001499,C1122,2024-11-27,9480.96
O001500,C1122,2024-12-09,14176.31
O001501,C1122,2025-02-07,10199.31
O001502,C1122,2025-04-19,5852.01
O001503,C1122,2025-06-12,6674.24
O001504,C1122,2025-09-04,8472.36
O001505,C1122,2025-11-22,3544.37
O001506,C1122,2025-12-08,7752.55
O001507,C1123,2024-01-12,3697.12
O001508,C1123,2024-01-31,2744.73
O001509,C1123,2024-02-06,2939.72
O001510,C1123,2024-02-20,2263.25
O001511,C1123,2024-11-05,2156.78
O001512,C1123,2025-01-05,2940.23
O001513,C1123,2025-07-23,1735.75
O001514,C1124,2024-04-20,28293.01
O001515,C1124,2024-04-22,41705.46
O001516,C1124,2024-04-30,84088.07
O001517,C1124,2024-05-06,79875.11
O001518,C1124,2024-05-06,56518.33
O001519,C1124,2024-06-14,41086.61
O001520,C1124,2024-06-27,19822.77
O001521,C1124,2024-10-03,79107.91
O001522,C1124,2024-10-21,54316.61
O001523,C1124,2024-11-11,102920.55
O001524,C1124,2024-11-14,29794.03
O001525,C1124,2024-11-27,39821.86
O001526,C1124,2024-12-27,38238.72
O001527,C1124,2025-01-09,68137.61
O001528,C1124,2025-01-17,55655.2
O001529,C1124,2025-02-03,44120.07
O001530,C1124,2025-02-07,31286.7
O001531,C1124,2025-04-09,88411.71
O001532,C1124,2025-05-15,49968.68
O001533,C1124,2025-05-16,43892.16
O001534,C1124,2025-06-01,62088.94
O001535,C1124,2025-06-08,47513.15
O001536,C1124,2025-07-03,43669.51
O001537,C1124,2025-07-15,31540.15
O001538,C1124,2025-08-26,41841.78
O001539,C1124,2025-08-30,45981.91
O001540,C1124,2025-09-11,64948.66
O001541,C1124,2025-10-14,63363.05
O001542,C1124,2025-10-20,24734.57
O001543,C1124,2025-12-08,49933.14
O001544,C1125,2024-05-19,6661.9
O001545,C1125,2024-06-01,11970.9
O001546,C1125,2024-08-26,11004.23
O001547,C1125,2024-12-22,16101.45
O001548,C1125,2024-12-29,26198.09
O001549,C1125,2025-02-02,7785.23
O001550,C1125,2025-02-19,7354.27
O001551,C1125,2025-04-20,5690.92
O001552,C1125,2025-06-01,11616.53
O001553,C1125,2025-06-10,6080.95
O001554,C1125,2025-08-21,10346.07
O001555,C1125,2025-10-14,14352.72
O001556,C1125,2025-12-20,6392.32
O001557,C1126,2024-02-28,21158.21
O001558,C1126,2024-03-20,7576.06
O001559,C1126,2024-05-23,6126.71
O001560,C1126,2024-06-26,5686.42
O001561,C1126,2024-07-20,20533.0
O001562,C1126,2024-08-05,10958.23
O001563,C1126,2024-10-16,8243.26
O001564,C1126,2024-11-21,5567.29
O001565,C1126,2024-12-13,16357.14
O001566,C1126,2024-12-29,12332.23
O001567,C1126,2025-01-04,13916.8
O001568,C1126,2025-05-12,11210.67
O001569,C1126,2025-07-10,14308.83
O001570,C1126,2025-09-26,7660.8
O001571,C1126,2025-12-10,7075.55
O001572,C1127,2024-02-21,1556.52
O001573,C1127,2024-04-15,1525.96
O001574,C1127,2024-06-26,2361.97
O001575,C1127,2025-01-12,965.2
O001576,C1127,2025-01-30,3072.85
O001577,C1127,2025-07-24,1667.85
O001578,C1127,2025-08-28,5154.12
O001579,C1127,2025-09-05,3891.5
O001580,C1127,2025-11-21,2303.0
O001581,C1128,2024-05-02,1337.76
O001582,C1128,2024-07-18,1613.59
O001583,C1128,2024-07-23,1566.19
O001584,C1128,2024-09-01,2375.87
O001585,C1128,2024-10-14,5284.03
O001586,C1128,2025-03-06,2215.13
O001587,C1129,2024-07-06,991.19
O001588,C1129,2024-07-23,5362.42
O001589,C1129,2024-09-18,3279.43
O001590,C1129,2024-12-12,3118.43
O001591,C1129,2025-01-08,4115.37
O001592,C1129,2025-02-12,1750.4
O001593,C1129,2025-11-03,1901.83
O001594,C1129,2025-11-09,2655.28
O001595,C1129,2025-12-09,3197.96
O001596,C1129,2025-12-28,2062.2
O001597,C1130,2024-03-29,3102.42
O001598,C1130,2024-06-08,18914.52
O001599,C1130,2024-08-22,7347.21
O001600,C1130,2024-09-07,17605.28
O001601,C1130,2024-09-18,13813.41
O001602,C1130,2024-10-06,8167.78
O001603,C1130,2024-10-11,16764.64
O001604,C1130,2024-10-12,5312.4
O001605,C1130,2024-10-26,9310.98
O001606,C1130,2025-01-17,8214.62
O001607,C1130,2025-01-18,8903.32
O001608,C1130,2025-05-27,9237.72
O001609,C1130,2025-08-21,8644.05
O001610,C1130,2025-09-18,8165.23
O001611,C1130,2025-10-26,15278.97
O001612,C1130,2025-11-17,17236.65
O001613,C1131,2024-01-13,5039.07
O001614,C1131,2024-03-28,4954.42
O001615,C1131,2024-04-02,6203.45
O001616,C1131,2024-06-15,2008.24
O001617,C1131,2024-12-14,4206.52
O001618,C1131,2025-02-13,5009.4
O001619,C1131,2025-02-25,1980.54
O001620,C1131,2025-04-09,981.54
O001621,C1131,2025-07-13,3336.73
O001622,C1131,2025-12-08,2572.58
O001623,C1131,2025-12-26,2117.53
O001624,C1132,2024-01-15,8249.79
O001625,C1132,2024-05-16,16871.39
O001626,C1132,2024-08-18,6952.2
O001627,C1132,2024-08-25,7373.91
O001628,C1132,2024-09-17,16536.94
O001629,C1132,2024-11-02,13303.44
O001630,C1132,2024-11-29,19370.93
O001631,C1132,2025-01-31,21607.69
O001632,C1132,2025-03-03,9377.37
O001633,C1132,2025-03-29,15994.01
O001634,C1132,2025-05-13,8795.6
O001635,C1132,2025-06-16,15543.19
O001636,C1132,2025-07-17,19629.29
O001637,C1132,2025-07-30,7616.7
O001638,C1132,2025-08-12,17296.34
O001639,C1132,2025-11-18,10783.96
O001640,C1132,2025-12-10,9100.92
O001641,C1133,2024-02-07,16516.84
O001642,C1133,2024-04-09,6588.45
O001643,C1133,2024-04-17,9736.9
O001644,C1133,2024-06-04,6051.2
O001645,C1133,2024-07-01,9386.58
O001646,C1133,2024-07-11,13088.04
O001647,C1133,2024-07-13,14754.58
O001648,C1133,2024-08-13,14805.11
O001649,C1133,2024-08-29,12581.29
O001650,C1133,2024-09-04,10692.47
O001651,C1133,2024-09-14,13886.87
O001652,C1133,2025-05-21,7707.68
O001653,C1133,2025-05-23,16089.7
O001654,C1133,2025-07-06,11863.88
O001655,C1133,2025-08-16,9859.16
O001656,C1133,2025-09-12,6999.22
O001657,C1133,2025-10-03,8402.94
O001658,C1133,2025-10-05,9137.54
O001659,C1133,2025-12-19,14131.04
O001660,C1134,2024-01-29,1689.37
O001661,C1134,2024-03-19,4314.35
O001662,C1134,2024-04-22,7272.92
O001663,C1134,2024-06-01,1414.58
O001664,C1134,2024-12-15,2161.88
O001665,C1134,2025-01-13,1239.48
O001666,C1134,2025-05-16,2117.15
O001667,C1134,2025-10-31,5558.28
O001668,C1135,2024-02-07,11200.21
O001669,C1135,2024-03-02,17824.62
O001670,C1135,2024-03-11,21560.0
O001671,C1135,2024-04-01,12111.9
O001672,C1135,2024-06-30,7098.31
O001673,C1135,2024-08-31,7184.21
O001674,C1135,2024-10-04,13105.06
O001675,C1135,2024-10-12,12828.24
O001676,C1135,2024-10-17,23069.61
O001677,C1135,2025-04-21,6245.77
O001678,C1135,2025-06-06,5499.44
O001679,C1136,2024-01-10,1997.66
O001680,C1136,2024-02-14,3624.25
O001681,C1136,2024-03-06,1812.19
O001682,C1136,2024-04-03,2613.94
O001683,C1136,2024-11-27,872.83
O001684,C1136,2025-01-09,3417.86
O001685,C1136,2025-07-06,2953.27
O001686,C1136,2025-09-08,1811.82
O001687,C1136,2025-09-29,3952.01
O001688,C1137,2024-02-21,6589.61
O001689,C1137,2024-05-05,5760.53
O001690,C1137,2024-07-04,8735.77
O001691,C1137,2024-09-13,12841.82
O001692,C1137,2024-09-30,11225.02
O001693,C1137,2024-10-04,5851.86
O001694,C1137,2024-11-15,18361.39
O001695,C1137,2024-11-18,10897.7
O001696,C1137,2024-11-25,18295.13
O001697,C1137,2024-12-27,17707.05
O001698,C1137,2025-01-21,20020.2
O001699,C1137,2025-03-03,13761.93
O001700,C1137,2025-03-16,8722.43
O001701,C1137,2025-04-23,17923.49
O001702,C1137,2025-10-07,18461.86
O001703,C1137,2025-11-17,18907.02
O001704,C1137,2025-12-12,20016.57
O001705,C1137,2025-12-24,9545.12
O001706,C1137,2025-12-25,6297.65
O001707,C1138,2024-02-06,24087.89
O001708,C1138,2024-04-11,57566.87
O001709,C1138,2024-04-22,51839.69
O001710,C1138,2024-04-27,49476.16
O001711,C1138,2024-05-21,39092.22
O001712,C1138,2024-06-30,48882.69
O001713,C1138,2024-07-15,44588.83
O001714,C1138,2024-08-20,50178.95
O001715,C1138,2024-09-16,60362.64
O001716,C1138,2024-09-30,53223.01
O001717,C1138,2024-11-16,37659.71
O001718,C1138,2024-12-02,36768.7
O001719,C1138,2025-01-15,81007.64
O001720,C1138,2025-01-26,52930.32
O001721,C1138,2025-03-01,36490.93
O001722,C1138,2025-03-20,39744.39
O001723,C1138,2025-04-02,83144.39
O001724,C1138,2025-05-08,36031.81
O001725,C1138,2025-05-18,57975.22
O001726,C1138,2025-06-16,26518.47
O001727,C1138,2025-06-17,55502.57
O001728,C1138,2025-07-04,61097.75
O001729,C1138,2025-07-09,90017.95
O001730,C1138,2025-08-02,56812.94
O001731,C1138,2025-09-06,63827.55
O001732,C1138,2025-11-03,35460.6
O001733,C1138,2025-11-18,55306.55
O001734,C1138,2025-11-23,24754.37
O001735,C1139,2024-03-28,2591.93
O001736,C1139,2024-06-16,1248.91
O001737,C1139,2024-07-01,3134.24
O001738,C1139,2024-08-20,4451.39
O001739,C1139,2025-02-28,3412.84
O001740,C1139,2025-11-05,1947.73
O001741,C1140,2024-01-08,52046.88
O001742,C1140,2024-01-26,46827.14
O001743,C1140,2024-02-06,46915.39
O001744,C1140,2024-02-14,59043.19
O001745,C1140,2024-03-28,39916.64
O001746,C1140,2024-05-30,30719.68
O001747,C1140,2024-06-06,55677.74
O001748,C1140,2024-06-11,40540.58
O001749,C1140,2024-06-20,36956.36
O001750,C1140,2024-06-21,32682.59
O001751,C1140,2024-07-02,46698.67
O001752,C1140,2024-07-15,25563.62
O001753,C1140,2024-08-04,89959.66
O001754,C1140,2024-08-17,50745.77
O001755,C1140,2024-08-18,29737.55
O001756,C1140,2024-09-12,43997.65
O001757,C1140,2024-09-25,44086.72
O001758,C1140,2024-09-30,61818.81
O001759,C1140,2024-10-29,99280.2
O001760,C1140,2024-11-28,39193.37
O001761,C1140,2024-12-17,44624.97
O001762,C1140,2024-12-23,53368.76
O001763,C1140,2025-02-07,23138.41
O001764,C1140,2025-05-18,48753.93
O001765,C1140,2025-05-28,43231.17
O001766,C1140,2025-06-05,98727.72
O001767,C1140,2025-06-15,47401.79
O001768,C1140,2025-07-11,43384.45
O001769,C1140,2025-08-13,42768.25
O001770,C1140,2025-08-30,28867.04
O001771,C1140,2025-10-12,46754.42
O001772,C1140,2025-12-15,93551.37
O001773,C1141,2024-03-31,7429.85
O001774,C1141,2024-04-16,8126.7
O001775,C1141,2024-04-23,17876.65
O001776,C1141,2024-05-03,12778.31
O001777,C1141,2024-05-13,6519.83
O001778,C1141,2024-05-18,8573.6
O001779,C1141,2024-07-07,12762.65
O001780,C1141,2024-07-25,9237.7
O001781,C1141,2024-08-17,10638.76
O001782,C1141,2024-09-01,6697.71
O001783,C1141,2024-09-04,6033.44
O001784,C1141,2025-01-06,7201.14
O001785,C1141,2025-05-10,7956.47
O001786,C1141,2025-07-04,5784.08
O001787,C1141,2025-08-21,11430.82
O001788,C1141,2025-11-25,5563.95
O001789,C1142,2024-01-09,14401.4
O001790,C1142,2024-03-13,18349.91
O001791,C1142,2024-03-13,29083.79
O001792,C1142,2024-05-13,5706.74
O001793,C1142,2024-05-13,25471.34
O001794,C1142,2024-05-27,8954.29
O001795,C1142,2024-07-03,14057.02
O001796,C1142,2024-07-26,13542.48
O001797,C1142,2024-11-02,8333.31
O001798,C1142,2024-11-15,10284.81
O001799,C1142,2025-01-10,9798.08
O001800,C1142,2025-01-13,12959.27
O001801,C1142,2025-08-31,9105.04
O001802,C1142,2025-10-05,17476.05
O001803,C1142,2025-10-13,25361.65
O001804,C1142,2025-10-23,10544.41
O001805,C1143,2024-03-21,4279.86
O001806,C1143,2025-04-02,2164.22
O001807,C1143,2025-05-07,2875.54
O001808,C1143,2025-11-19,4679.21
O001809,C1143,2025-11-20,3265.71
O001810,C1143,2025-11-22,4132.79
O001811,C1143,2025-12-08,1251.44
O001812,C1144,2024-01-04,3014.29
O001813,C1144,2024-05-12,1386.31
O001814,C1144,2024-05-30,1688.95
O001815,C1144,2024-07-11,490.39
O001816,C1144,2024-10-12,1982.5
O001817,C1144,2024-11-09,2039.03
O001818,C1144,2025-03-17,3486.61
O001819,C1144,2025-05-17,1374.5
O001820,C1144,2025-06-27,3245.03
O001821,C1144,2025-08-14,2056.37
O001822,C1144,2025-09-27,2287.96
O001823,C1144,2025-11-17,2486.23
O001824,C1145,2024-01-20,16158.65
O001825,C1145,2024-04-08,7619.71
O001826,C1145,2024-04-13,6450.74
O001827,C1145,2024-06-01,19799.49
O001828,C1145,2024-06-20,13151.11
O001829,C1145,2024-07-05,20840.89
O001830,C1145,2024-08-18,10151.36
O001831,C1145,2024-12-25,7462.8
O001832,C1145,2025-04-26,26084.26
O001833,C1145,2025-05-25,15619.0
O001834,C1145,2025-06-24,8886.75
O001835,C1145,2025-08-27,11775.13
O001836,C1145,2025-09-12,13205.46
O001837,C1145,2025-10-19,8231.61
O001838,C1145,2025-11-06,14505.69
O001839,C1145,2025-11-28,7025.0
O001840,C1145,2025-12-04,7916.24
O001841,C1146,2024-03-20,2537.54
O001842,C1146,2024-10-25,1705.73
O001843,C1146,2025-02-01,2162.55
O001844,C1146,2025-02-23,1830.95
O001845,C1146,2025-08-21,2592.97
O001846,C1146,2025-08-27,1368.82
O001847,C1146,2025-09-26,1217.18
O001848,C1147,2024-01-13,720.83
O001849,C1147,2024-02-14,2737.14
O001850,C1147,2024-04-08,2621.48
O001851,C1147,2024-05-18,11016.68
O001852,C1147,2024-10-04,3617.06
O001853,C1147,2024-11-07,1874.11
O001854,C1147,2025-02-14,3705.81
O001855,C1147,2025-02-15,1636.14
O001856,C1147,2025-07-29,1668.36
O001857,C1147,2025-09-18,2002.5
O001858,C1148,2024-01-02,7346.76
O001859,C1148,2024-02-03,10454.2
O001860,C1148,2024-12-11,6013.16
O001861,C1148,2025-02-14,12877.65
O001862,C1148,2025-03-05,8829.8
O001863,C1148,2025-03-24,9267.87
O001864,C1148,2025-09-03,14134.51
O001865,C1148,2025-11-03,11107.89
O001866,C1149,2024-01-22,15273.15
O001867,C1149,2024-02-06,9740.02
O001868,C1149,2024-02-11,12345.31
O001869,C1149,2024-04-20,13722.31
O001870,C1149,2024-05-18,25731.87
O001871,C1149,2024-06-15,20418.91
O001872,C1149,2024-06-26,10842.61
O001873,C1149,2024-09-19,8711.42
O001874,C1149,2024-10-01,27034.52
O001875,C1149,2024-12-10,9086.27
O001876,C1149,2025-04-21,16818.6
O001877,C1149,2025-04-27,12366.52
O001878,C1149,2025-05-20,12182.95
O001879,C1149,2025-06-13,17575.67
O001880,C1149,2025-06-21,10929.64
O001881,C1149,2025-07-20,4429.74
O001882,C1149,2025-07-25,12252.77
O001883,C1149,2025-08-02,4485.04
O001884,C1149,2025-08-14,21351.3
O001885,C1149,2025-08-18,7417.31
O001886,C1149,2025-10-30,5176.97
O001887,C1149,2025-11-23,15512.13
