payment_id,invoice_id,payment_date,payment_amount
P000001,INV000001,2024-12-17,2956.66
P000002,INV000001,2024-12-24,1072.82
P000003,INV000002,2025-04-11,1356.21
P000004,INV000003,2025-07-01,907.72
P000005,INV000004,2024-05-21,1918.19
P000006,INV000005,2024-07-08,1735.69
P000007,INV000005,2024-07-11,622.88
P000008,INV000006,2024-11-03,1829.68
P000009,INV000006,2024-11-07,1459.42
P000010,INV000007,2025-01-07,1163.99
P000011,INV000008,2025-01-11,2643.7
P000012,INV000009,2025-07-23,1204.9
P000013,INV000009,2025-07-28,504.11
P000014,INV000010,2025-12-25,4720.46
P000015,INV000011,2024-02-06,5660.12
P000016,INV000011,2024-02-09,5425.57
P000017,INV000012,2024-02-08,12747.75
P000018,INV000013,2024-04-04,9380.41
P000019,INV000014,2024-05-21,3743.92
P000020,INV000014,2024-05-27,2613.69
P000021,INV000015,2024-07-11,12550.75
P000022,INV000016,2024-09-25,26843.39
P000023,INV000017,2024-11-09,21074.45
P000024,INV000018,2024-11-10,18138.23
P000025,INV000019,2024-11-26,4739.37
P000026,INV000020,2024-12-22,9072.17
P000027,INV000021,2025-03-10,8975.78
P000028,INV000022,2025-05-07,11002.39
P000029,INV000023,2025-06-05,4948.98
P000030,INV000024,2025-07-16,2252.95
P000031,INV000025,2025-08-01,13631.87
P000032,INV000026,2025-08-21,10242.78
P000033,INV000027,2025-09-27,11704.97
P000034,INV000028,2025-11-08,8352.71
P000035,INV000029,2025-11-14,7751.44
P000036,INV000030,2025-12-30,15509.76
P000037,INV000032,2024-03-29,9037.58
P000038,INV000034,2024-04-04,6969.1
P000039,INV000035,2024-05-11,14112.34
P000040,INV000036,2024-07-29,4472.3
P000041,INV000037,2024-08-01,10249.34
P000042,INV000038,2024-08-23,9471.65
P000043,INV000039,2024-10-01,12230.65
P000044,INV000040,2024-11-18,9819.49
P000045,INV000041,2024-11-21,9742.3
P000046,INV000042,2024-11-21,5374.09
P000047,INV000042,2024-11-24,4007.4
P000048,INV000043,2025-01-03,11453.85
P000049,INV000044,2025-03-03,5465.3
P000050,INV000045,2025-06-12,22862.4
P000051,INV000046,2025-06-09,3653.07
P000052,INV000046,2025-06-13,2651.29
P000053,INV000049,2024-02-04,2903.78
P000054,INV000050,2024-02-14,4450.56
P000055,INV000051,2024-03-10,1683.58
P000056,INV000052,2024-04-06,1451.38
P000057,INV000053,2024-05-01,1646.44
P000058,INV000054,2024-12-17,2087.21
P000059,INV000055,2025-03-14,3871.65
P000060,INV000056,2025-04-16,425.6
P000061,INV000056,2025-04-20,391.71
P000062,INV000057,2025-10-28,1917.08
P000063,INV000058,2025-11-16,1361.77
P000064,INV000059,2025-12-12,4320.22
P000065,INV000059,2025-12-15,4768.53
P000066,INV000060,2024-06-10,1921.54
P000067,INV000062,2024-11-14,1924.72
P000068,INV000063,2025-01-10,1150.42
P000069,INV000063,2025-02-27,878.23
P000070,INV000064,2025-06-29,2258.46
P000071,INV000065,2025-08-29,1235.64
P000072,INV000066,2025-09-15,1452.32
P000073,INV000067,2025-09-04,5646.34
P000074,INV000068,2025-11-01,3380.65
P000075,INV000069,2025-12-31,2707.84
P000076,INV000071,2024-08-29,1954.09
P000077,INV000072,2024-12-06,1766.08
P000078,INV000074,2024-01-22,1349.18
P000079,INV000075,2024-04-28,1109.85
P000080,INV000076,2024-09-09,2747.6
P000081,INV000077,2024-09-22,1451.42
P000082,INV000078,2024-10-05,2016.83
P000083,INV000079,2024-11-26,886.2
P000084,INV000080,2025-06-19,2009.56
P000085,INV000081,2025-06-22,1179.86
P000086,INV000082,2025-07-26,3072.38
P000087,INV000083,2025-10-30,723.47
P000088,INV000083,2025-11-05,796.4
P000089,INV000084,2024-03-05,1400.26
P000090,INV000085,2024-03-27,5536.85
P000091,INV000086,2024-07-04,1040.25
P000092,INV000087,2024-07-28,3254.76
P000093,INV000088,2024-08-14,3372.87
P000094,INV000089,2024-08-17,1669.55
P000095,INV000090,2024-11-21,2022.02
P000096,INV000091,2024-12-18,608.79
P000097,INV000091,2024-12-21,455.88
P000098,INV000092,2024-12-29,963.21
P000099,INV000092,2025-01-23,442.54
P000100,INV000093,2025-08-01,1885.08
P000101,INV000094,2025-09-23,1584.23
P000102,INV000095,2024-04-23,1666.43
P000103,INV000096,2024-06-25,2366.59
P000104,INV000097,2024-07-27,4291.34
P000105,INV000098,2024-08-11,2400.85
P000106,INV000099,2024-09-29,1360.94
P000107,INV000099,2024-10-02,1133.13
P000108,INV000100,2024-10-05,2820.06
P000109,INV000101,2025-03-27,2638.69
P000110,INV000102,2025-07-10,2151.97
P000111,INV000103,2025-08-30,1983.68
P000112,INV000103,2025-09-02,920.71
P000113,INV000104,2025-10-04,3341.53
P000114,INV000105,2024-02-10,15860.17
P000115,INV000106,2024-07-13,7880.24
P000116,INV000107,2024-09-18,16377.91
P000117,INV000108,2024-12-08,15469.91
P000118,INV000109,2025-01-26,4252.64
P000119,INV000109,2025-01-29,2514.91
P000120,INV000110,2025-02-28,7904.9
P000121,INV000111,2025-06-28,12661.31
P000122,INV000112,2025-08-01,8616.5
P000123,INV000113,2025-08-16,4634.04
P000124,INV000114,2025-10-30,14715.91
P000125,INV000115,2025-11-13,14007.74
P000126,INV000116,2024-04-13,2748.07
P000127,INV000117,2024-04-14,5224.97
P000128,INV000118,2024-10-16,3315.15
P000129,INV000119,2024-12-03,1293.08
P000130,INV000120,2025-05-19,4630.78
P000131,INV000121,2025-07-28,3333.23
P000132,INV000122,2025-10-21,4305.96
P000133,INV000123,2025-11-16,4315.29
P000134,INV000124,2024-02-19,868.08
P000135,INV000125,2024-03-19,1864.23
P000136,INV000126,2024-06-27,2201.8
P000137,INV000127,2024-08-07,4288.6
P000138,INV000128,2024-10-11,3205.06
P000139,INV000129,2025-03-08,4240.32
P000140,INV000130,2025-06-04,3420.42
P000141,INV000131,2025-07-13,2629.91
P000142,INV000132,2025-10-12,1915.54
P000143,INV000133,2025-10-18,3302.68
P000144,INV000135,2024-04-16,9976.09
P000145,INV000136,2024-04-18,12479.55
P000146,INV000137,2024-08-03,4752.65
P000147,INV000138,2025-03-25,18188.92
P000148,INV000139,2025-04-17,11708.18
P000149,INV000140,2025-05-13,10233.11
P000150,INV000141,2025-05-16,10770.06
P000151,INV000142,2025-09-16,4407.91
P000152,INV000142,2025-09-19,5023.58
P000153,INV000143,2025-12-16,15769.31
P000154,INV000144,2025-12-18,8075.77
P000155,INV000144,2025-12-21,4968.65
P000156,INV000145,2025-12-21,4018.22
P000157,INV000145,2025-12-24,1666.1
P000158,INV000148,2024-03-20,28549.13
P000159,INV000149,2024-03-23,28530.52
P000160,INV000149,2024-03-26,12138.48
P000161,INV000150,2024-03-29,76456.67
P000162,INV000151,2024-05-03,47465.77
P000163,INV000152,2024-05-27,62421.91
P000164,INV000154,2024-06-09,65205.42
P000165,INV000155,2024-06-24,59550.0
P000166,INV000156,2024-06-23,76581.21
P000167,INV000157,2024-09-02,34140.38
P000168,INV000158,2024-09-04,10974.58
P000169,INV000158,2024-09-07,13079.7
P000170,INV000159,2024-10-19,63338.39
P000171,INV000160,2024-10-21,33105.66
P000172,INV000161,2024-11-07,56371.32
P000173,INV000161,2024-11-10,53033.4
P000174,INV000162,2025-01-27,12862.14
P000175,INV000162,2025-02-01,4315.82
P000176,INV000163,2025-02-15,42059.5
P000177,INV000164,2025-02-13,59216.62
P000178,INV000165,2025-02-14,27970.22
P000179,INV000166,2025-03-30,66185.29
P000180,INV000167,2025-04-07,86586.03
P000181,INV000168,2025-05-08,34775.5
P000182,INV000169,2025-05-30,85211.82
P000183,INV000170,2025-05-29,48462.98
P000184,INV000171,2025-05-25,43167.89
P000185,INV000172,2025-06-03,79668.94
P000186,INV000173,2025-07-06,62033.27
P000187,INV000175,2025-09-01,107121.85
P000188,INV000176,2025-09-03,33621.87
P000189,INV000176,2025-09-06,12511.91
P000190,INV000177,2025-09-22,59587.08
P000191,INV000178,2025-11-28,34651.06
P000192,INV000178,2025-12-01,25937.38
P000193,INV000179,2025-12-02,38967.67
P000194,INV000183,2024-03-05,6266.65
P000195,INV000184,2024-09-22,600.6
P000196,INV000185,2025-02-24,746.42
P000197,INV000185,2025-02-27,526.43
P000198,INV000186,2025-05-14,1292.01
P000199,INV000187,2025-10-11,6278.44
P000200,INV000188,2025-12-04,2218.62
P000201,INV000189,2024-01-26,4069.37
P000202,INV000190,2024-03-04,1541.21
P000203,INV000191,2024-08-03,1743.83
P000204,INV000191,2024-08-11,2099.85
P000205,INV000192,2024-12-22,1416.39
P000206,INV000193,2025-01-11,425.36
P000207,INV000194,2025-06-23,3411.37
P000208,INV000195,2025-07-23,812.69
P000209,INV000195,2025-07-26,689.46
P000210,INV000196,2025-07-23,1813.42
P000211,INV000196,2025-07-26,1265.63
P000212,INV000199,2024-08-16,98718.17
P000213,INV000200,2024-08-25,37989.11
P000214,INV000201,2024-10-06,70380.9
P000215,INV000202,2024-10-24,49107.02
P000216,INV000203,2024-12-27,29309.94
P000217,INV000204,2025-02-27,41594.26
P000218,INV000205,2025-05-13,44080.3
P000219,INV000205,2025-05-16,26278.05
P000220,INV000206,2025-05-21,43727.28
P000221,INV000207,2025-05-18,59685.48
P000222,INV000210,2025-07-07,42359.92
P000223,INV000211,2025-07-26,31021.03
P000224,INV000212,2025-09-27,26077.56
P000225,INV000213,2025-11-04,65448.11
P000226,INV000214,2025-11-01,130074.93
P000227,INV000215,2025-11-15,33825.59
P000228,INV000216,2025-11-12,72988.14
P000229,INV000217,2025-11-28,78839.07
P000230,INV000221,2024-05-28,4169.19
P000231,INV000222,2024-07-14,895.47
P000232,INV000222,2024-07-17,822.36
P000233,INV000223,2024-08-02,6227.34
P000234,INV000224,2024-10-06,2055.72
P000235,INV000225,2025-12-08,1446.25
P000236,INV000227,2024-01-22,1395.07
P000237,INV000228,2024-07-03,1600.57
P000238,INV000229,2024-09-24,4167.22
P000239,INV000229,2024-09-27,3084.48
P000240,INV000230,2024-10-24,2824.27
P000241,INV000231,2025-03-15,1095.89
P000242,INV000232,2025-03-27,1744.02
P000243,INV000232,2025-03-30,806.22
P000244,INV000233,2025-06-16,4964.18
P000245,INV000234,2025-07-09,3965.38
P000246,INV000235,2024-03-12,2211.39
P000247,INV000235,2024-03-15,2039.41
P000248,INV000236,2024-06-09,1910.33
P000249,INV000236,2024-06-12,1495.45
P000250,INV000237,2024-07-06,786.41
P000251,INV000238,2024-10-28,1636.48
P000252,INV000239,2024-12-10,1498.81
P000253,INV000240,2024-12-10,3828.99
P000254,INV000241,2025-02-16,1897.1
P000255,INV000242,2024-11-30,5764.07
P000256,INV000243,2025-02-01,1185.91
P000257,INV000244,2025-03-21,790.41
P000258,INV000244,2025-03-25,898.33
P000259,INV000245,2025-06-16,3299.57
P000260,INV000246,2024-02-22,27129.76
P000261,INV000247,2024-03-18,4998.56
P000262,INV000247,2024-04-08,4523.61
P000263,INV000248,2024-05-11,17945.41
P000264,INV000249,2024-05-20,9532.95
P000265,INV000250,2024-07-29,5545.45
P000266,INV000251,2024-09-16,8922.13
P000267,INV000252,2024-10-03,16941.26
P000268,INV000253,2024-10-17,10853.24
P000269,INV000254,2024-11-23,18339.51
P000270,INV000255,2025-04-02,10183.24
P000271,INV000256,2025-07-26,7996.71
P000272,INV000257,2025-10-16,9625.6
P000273,INV000258,2025-10-11,7731.45
P000274,INV000258,2025-10-26,3473.73
P000275,INV000261,2024-04-06,2913.85
P000276,INV000263,2024-08-04,1345.19
P000277,INV000264,2024-08-13,1480.19
P000278,INV000265,2024-09-06,805.75
P000279,INV000265,2024-09-09,269.11
P000280,INV000266,2024-10-11,2029.09
P000281,INV000267,2024-11-23,2742.15
P000282,INV000268,2025-01-04,2887.1
P000283,INV000270,2025-04-03,4634.94
P000284,INV000271,2025-11-20,1959.5
P000285,INV000273,2024-03-10,25443.65
P000286,INV000274,2024-04-09,100778.32
P000287,INV000275,2024-05-02,33488.49
P000288,INV000275,2024-05-05,13513.22
P000289,INV000276,2024-07-27,65930.23
P000290,INV000277,2024-08-25,17121.36
P000291,INV000277,2024-08-28,18183.98
P000292,INV000278,2024-09-18,42639.27
P000293,INV000279,2024-11-07,51344.94
P000294,INV000280,2024-11-12,59799.96
P000295,INV000281,2024-11-14,47868.28
P000296,INV000282,2024-11-28,60421.69
P000297,INV000283,2025-02-13,34406.88
P000298,INV000284,2025-02-27,85744.07
P000299,INV000285,2025-03-21,37796.18
P000300,INV000286,2025-04-10,77038.28
P000301,INV000287,2025-05-15,73594.52
P000302,INV000288,2025-06-16,116543.89
P000303,INV000289,2025-07-10,29941.39
P000304,INV000289,2025-07-13,12387.49
P000305,INV000290,2025-08-20,37718.38
P000306,INV000291,2025-09-05,38288.38
P000307,INV000292,2025-08-25,58266.31
P000308,INV000293,2025-09-28,108815.27
P000309,INV000294,2025-10-18,33351.3
P000310,INV000294,2025-10-21,18679.46
P000311,INV000295,2025-11-14,104366.09
P000312,INV000296,2025-11-22,30443.57
P000313,INV000301,2024-05-01,2382.86
P000314,INV000302,2024-06-25,1772.51
P000315,INV000303,2025-01-25,1717.86
P000316,INV000304,2025-06-02,1057.77
P000317,INV000305,2025-06-29,4766.47
P000318,INV000306,2024-02-05,5069.77
P000319,INV000307,2024-03-03,2880.67
P000320,INV000308,2024-03-15,844.87
P000321,INV000309,2024-05-11,2934.58
P000322,INV000310,2024-07-18,4345.29
P000323,INV000310,2024-07-21,1708.1
P000324,INV000311,2024-11-06,5428.5
P000325,INV000312,2025-01-27,1038.13
P000326,INV000313,2025-10-03,4207.07
P000327,INV000314,2025-12-10,1562.75
P000328,INV000316,2024-02-06,7855.96
P000329,INV000317,2024-10-21,8195.36
P000330,INV000317,2024-10-24,9299.67
P000331,INV000318,2025-05-26,9055.44
P000332,INV000319,2025-06-01,18611.63
P000333,INV000320,2025-07-06,14092.96
P000334,INV000321,2025-08-02,5679.78
P000335,INV000322,2025-08-16,31046.21
P000336,INV000323,2025-12-02,15202.19
P000337,INV000324,2025-11-19,10632.9
P000338,INV000327,2024-03-16,40458.96
P000339,INV000328,2024-06-13,55626.23
P000340,INV000329,2024-06-28,46847.86
P000341,INV000330,2024-06-29,40381.96
P000342,INV000330,2024-07-02,40153.08
P000343,INV000331,2024-07-06,27048.88
P000344,INV000331,2024-07-10,32070.22
P000345,INV000332,2024-12-08,45674.27
P000346,INV000333,2025-02-11,37089.16
P000347,INV000334,2025-03-06,54256.34
P000348,INV000335,2025-05-16,60529.91
P000349,INV000336,2025-06-10,69413.55
P000350,INV000337,2025-10-23,96800.76
P000351,INV000338,2025-12-12,50455.06
P000352,INV000342,2024-06-07,4236.14
P000353,INV000343,2024-06-30,2129.95
P000354,INV000344,2024-10-18,3941.9
P000355,INV000345,2024-11-22,4018.93
P000356,INV000346,2025-01-29,2442.01
P000357,INV000347,2025-02-10,969.66
P000358,INV000347,2025-02-13,1021.59
P000359,INV000348,2025-03-08,2039.5
P000360,INV000349,2025-05-12,5402.04
P000361,INV000350,2025-11-06,1271.26
P000362,INV000351,2024-02-14,1994.01
P000363,INV000352,2024-02-21,2045.0
P000364,INV000353,2024-06-29,1615.98
P000365,INV000353,2024-07-02,1346.09
P000366,INV000354,2025-01-07,1673.87
P000367,INV000355,2025-01-11,3882.64
P000368,INV000356,2025-07-04,3526.48
P000369,INV000357,2025-08-15,4352.23
P000370,INV000358,2024-02-28,14747.48
P000371,INV000359,2024-03-03,14332.09
P000372,INV000360,2024-03-23,9271.36
P000373,INV000361,2024-05-22,9054.17
P000374,INV000362,2024-07-12,4214.92
P000375,INV000363,2024-09-07,19511.32
P000376,INV000364,2025-02-07,15750.78
P000377,INV000366,2025-04-14,10651.52
P000378,INV000367,2025-05-10,7795.2
P000379,INV000368,2025-12-28,10538.16
P000380,INV000369,2025-12-30,9191.03
P000381,INV000371,2024-05-19,1447.61
P000382,INV000372,2024-06-05,1462.62
P000383,INV000373,2024-05-08,2738.98
P000384,INV000374,2024-12-04,1832.37
P000385,INV000375,2024-12-20,2000.38
P000386,INV000376,2025-12-19,1581.13
P000387,INV000377,2025-12-27,6818.92
P000388,INV000378,2025-12-31,1896.89
P000389,INV000379,2024-05-21,2143.85
P000390,INV000380,2024-07-16,1674.17
P000391,INV000381,2024-09-08,972.69
P000392,INV000381,2024-09-11,399.47
P000393,INV000382,2025-04-21,2479.45
P000394,INV000383,2024-07-23,7785.92
P000395,INV000384,2024-07-21,9894.5
P000396,INV000385,2024-08-07,13277.79
P000397,INV000386,2024-08-28,11184.36
P000398,INV000387,2024-09-04,5407.66
P000399,INV000389,2025-01-21,14090.78
P000400,INV000391,2025-02-09,15812.03
P000401,INV000392,2025-03-09,14323.69
P000402,INV000393,2025-03-28,5136.04
P000403,INV000393,2025-03-31,6866.96
P000404,INV000394,2025-04-19,5394.59
P000405,INV000394,2025-04-22,2958.56
P000406,INV000395,2025-06-01,8230.88
P000407,INV000396,2025-06-10,7373.94
P000408,INV000397,2025-07-12,12541.33
P000409,INV000398,2025-07-12,10086.58
P000410,INV000399,2025-10-27,8461.29
P000411,INV000400,2025-12-23,4657.8
P000412,INV000400,2025-12-26,4454.52
P000413,INV000402,2024-01-25,15176.36
P000414,INV000403,2024-03-09,10501.25
P000415,INV000404,2024-03-06,4490.07
P000416,INV000405,2024-06-25,7244.65
P000417,INV000406,2024-06-28,9117.2
P000418,INV000407,2024-07-30,8789.05
P000419,INV000408,2024-09-07,7404.02
P000420,INV000409,2024-12-14,7401.34
P000421,INV000410,2025-01-31,12203.38
P000422,INV000411,2025-02-18,9224.62
P000423,INV000412,2025-03-26,8663.64
P000424,INV000413,2025-05-08,5915.9
P000425,INV000414,2025-06-07,4902.24
P000426,INV000415,2025-11-21,10263.59
P000427,INV000416,2025-11-30,9115.97
P000428,INV000417,2025-12-31,9282.14
P000429,INV000418,2024-06-06,86571.26
P000430,INV000419,2024-06-07,48673.99
P000431,INV000421,2024-08-16,57974.16
P000432,INV000422,2024-09-08,44867.1
P000433,INV000423,2024-10-01,37686.99
P000434,INV000424,2024-11-07,64286.13
P000435,INV000425,2024-11-15,43217.0
P000436,INV000425,2024-11-18,20534.14
P000437,INV000426,2024-12-17,38829.08
P000438,INV000427,2025-01-01,35245.16
P000439,INV000428,2025-02-12,70762.79
P000440,INV000430,2025-02-26,74073.81
P000441,INV000431,2025-04-10,94482.09
P000442,INV000432,2025-05-25,37296.42
P000443,INV000433,2025-06-04,36234.0
P000444,INV000434,2025-06-10,71595.21
P000445,INV000435,2025-07-19,64945.96
P000446,INV000436,2025-08-20,66221.26
P000447,INV000437,2025-08-25,29821.26
P000448,INV000438,2025-12-29,66261.16
P000449,INV000439,2024-04-24,6060.44
P000450,INV000440,2024-06-09,9652.55
P000451,INV000441,2024-07-17,9325.67
P000452,INV000442,2024-07-22,9156.39
P000453,INV000443,2024-09-02,17881.28
P000454,INV000444,2024-09-06,3416.28
P000455,INV000445,2024-09-15,6670.06
P000456,INV000445,2024-09-18,5565.03
P000457,INV000446,2024-12-30,7829.7
P000458,INV000447,2025-02-19,15688.96
P000459,INV000448,2025-02-20,13853.12
P000460,INV000449,2025-04-25,9666.18
P000461,INV000450,2025-04-26,9857.28
P000462,INV000451,2025-07-03,8409.7
P000463,INV000452,2025-07-13,6342.94
P000464,INV000453,2025-07-29,15739.23
P000465,INV000454,2025-08-17,13791.11
P000466,INV000455,2025-09-11,19863.23
P000467,INV000456,2025-09-19,3855.42
P000468,INV000457,2025-10-09,16774.53
P000469,INV000458,2025-12-06,10539.02
P000470,INV000462,2024-02-04,2224.36
P000471,INV000463,2024-03-06,3508.9
P000472,INV000464,2024-04-16,1693.14
P000473,INV000465,2024-06-27,1878.24
P000474,INV000466,2024-07-22,6144.95
P000475,INV000467,2024-09-06,4843.7
P000476,INV000468,2024-11-13,1693.71
P000477,INV000469,2025-02-22,1940.26
P000478,INV000470,2025-04-04,2359.24
P000479,INV000471,2024-03-14,76836.4
P000480,INV000472,2024-04-01,86679.67
P000481,INV000473,2024-04-03,42706.32
P000482,INV000474,2024-05-24,12421.06
P000483,INV000474,2024-05-27,17516.34
P000484,INV000475,2024-06-23,29782.46
P000485,INV000476,2024-07-07,83399.56
P000486,INV000477,2024-08-09,35856.33
P000487,INV000478,2024-08-16,37148.73
P000488,INV000479,2024-08-24,30430.18
P000489,INV000480,2024-09-06,92991.87
P000490,INV000481,2024-09-12,50582.04
P000491,INV000482,2024-12-03,35773.9
P000492,INV000483,2024-12-21,69142.93
P000493,INV000484,2024-12-26,33391.69
P000494,INV000485,2025-01-03,59065.03
P000495,INV000486,2025-02-06,49209.62
P000496,INV000487,2025-02-17,55639.41
P000497,INV000488,2025-02-18,35370.02
P000498,INV000489,2025-03-12,87247.79
P000499,INV000490,2025-04-18,28382.18
P000500,INV000491,2025-06-12,23280.13
P000501,INV000491,2025-06-15,8300.95
P000502,INV000492,2025-06-18,53946.11
P000503,INV000493,2025-09-14,44248.21
P000504,INV000494,2025-09-26,60559.78
P000505,INV000494,2025-09-29,25434.99
P000506,INV000495,2025-10-10,57346.13
P000507,INV000496,2025-10-23,28829.02
P000508,INV000497,2025-11-30,62870.51
P000509,INV000498,2025-12-19,54023.24
P000510,INV000499,2025-12-31,74157.12
P000511,INV000503,2024-03-08,1574.48
P000512,INV000503,2024-03-13,900.6
P000513,INV000504,2024-07-29,1593.41
P000514,INV000505,2025-01-29,3058.82
P000515,INV000506,2025-03-14,1225.51
P000516,INV000507,2025-10-12,3078.54
P000517,INV000508,2024-02-19,10717.36
P000518,INV000509,2024-02-15,7693.2
P000519,INV000510,2024-04-28,5285.34
P000520,INV000510,2024-05-01,1776.09
P000521,INV000511,2024-07-22,12454.58
P000522,INV000512,2024-09-18,26899.7
P000523,INV000513,2024-10-26,3828.91
P000524,INV000513,2024-10-29,5574.17
P000525,INV000514,2025-01-21,5253.68
P000526,INV000515,2025-06-09,6422.53
P000527,INV000516,2025-09-19,7330.57
P000528,INV000517,2025-11-23,11485.94
P000529,INV000517,2025-11-26,5334.86
P000530,INV000518,2025-12-23,6475.08
P000531,INV000519,2025-12-31,13880.22
P000532,INV000520,2024-03-17,4048.24
P000533,INV000521,2024-04-17,11491.79
P000534,INV000522,2024-07-12,8446.94
P000535,INV000523,2024-10-19,14772.41
P000536,INV000524,2024-11-08,13076.88
P000537,INV000525,2024-11-21,9080.24
P000538,INV000526,2024-12-13,10159.59
P000539,INV000527,2025-03-24,13157.94
P000540,INV000528,2025-05-31,9111.09
P000541,INV000529,2025-07-05,13635.92
P000542,INV000530,2025-08-02,4996.45
P000543,INV000530,2025-08-05,1698.13
P000544,INV000531,2025-09-03,14147.33
P000545,INV000532,2025-09-25,22826.36
P000546,INV000533,2025-10-01,16196.19
P000547,INV000534,2025-10-21,15085.1
P000548,INV000535,2025-11-30,2166.11
P000549,INV000536,2024-03-10,2614.66
P000550,INV000537,2024-02-06,2165.49
P000551,INV000538,2024-09-25,5199.14
P000552,INV000539,2024-10-11,2260.43
P000553,INV000540,2025-01-10,891.24
P000554,INV000541,2024-12-31,2735.2
P000555,INV000541,2025-01-13,2955.04
P000556,INV000542,2024-12-28,739.15
P000557,INV000542,2024-12-31,813.39
P000558,INV000543,2025-06-21,4143.91
P000559,INV000544,2025-11-01,5077.35
P000560,INV000545,2025-11-05,2733.57
P000561,INV000545,2025-11-26,2902.23
P000562,INV000546,2024-04-02,18874.45
P000563,INV000547,2024-04-13,5661.58
P000564,INV000548,2024-05-12,12167.22
P000565,INV000549,2024-05-30,11159.37
P000566,INV000550,2024-10-04,8857.48
P000567,INV000551,2024-11-16,7193.37
P000568,INV000552,2024-12-29,9496.34
P000569,INV000553,2025-01-03,8846.23
P000570,INV000554,2025-02-25,32465.62
P000571,INV000555,2025-03-24,4363.24
P000572,INV000556,2025-04-12,13919.98
P000573,INV000557,2025-06-16,10189.64
P000574,INV000558,2025-08-01,7404.24
P000575,INV000559,2025-10-09,5998.99
P000576,INV000559,2025-10-12,4117.76
P000577,INV000560,2025-11-17,5288.97
P000578,INV000563,2024-01-18,2387.53
P000579,INV000564,2024-02-07,1587.61
P000580,INV000565,2024-03-07,1506.62
P000581,INV000565,2024-03-10,1320.93
P000582,INV000566,2024-08-18,2308.76
P000583,INV000567,2024-10-01,2281.24
P000584,INV000568,2025-05-22,1683.56
P000585,INV000568,2025-05-25,1288.26
P000586,INV000569,2025-06-14,2521.92
P000587,INV000569,2025-06-17,2239.46
P000588,INV000570,2025-10-27,1242.46
P000589,INV000570,2025-10-30,840.74
P000590,INV000571,2025-11-08,1525.74
P000591,INV000571,2025-11-11,719.48
P000592,INV000572,2024-02-24,3627.01
P000593,INV000573,2024-03-08,1075.86
P000594,INV000574,2024-09-24,1955.12
P000595,INV000575,2025-05-07,3646.42
P000596,INV000576,2025-07-27,3983.9
P000597,INV000577,2025-09-26,1980.57
P000598,INV000578,2025-10-29,1840.66
P000599,INV000579,2024-05-03,3066.93
P000600,INV000580,2024-06-06,1846.61
P000601,INV000581,2024-07-26,2510.72
P000602,INV000582,2025-09-28,2304.05
P000603,INV000583,2024-02-05,10613.43
P000604,INV000584,2024-02-29,11451.21
P000605,INV000585,2024-04-03,10439.34
P000606,INV000586,2024-04-11,4070.47
P000607,INV000586,2024-04-14,2699.83
P000608,INV000587,2024-04-26,11816.13
P000609,INV000588,2024-06-19,6980.31
P000610,INV000589,2024-06-27,9811.27
P000611,INV000590,2024-07-13,6235.47
P000612,INV000591,2024-08-05,7832.51
P000613,INV000592,2024-09-05,18963.44
P000614,INV000593,2024-09-11,6610.76
P000615,INV000594,2024-11-10,11715.72
P000616,INV000595,2024-11-14,12383.02
P000617,INV000596,2025-02-08,7343.26
P000618,INV000597,2025-04-13,37847.91
P000619,INV000598,2025-09-04,6894.74
P000620,INV000598,2025-09-09,4844.15
P000621,INV000599,2025-10-07,14849.77
P000622,INV000600,2025-11-30,16044.51
P000623,INV000603,2024-03-21,2139.52
P000624,INV000604,2024-06-09,891.38
P000625,INV000605,2024-06-27,1603.81
P000626,INV000606,2024-12-26,3911.89
P000627,INV000607,2025-01-10,3975.8
P000628,INV000608,2025-06-09,2780.92
P000629,INV000609,2025-11-21,1044.62
P000630,INV000611,2024-03-11,71755.59
P000631,INV000612,2024-04-25,23662.02
P000632,INV000612,2024-04-28,8548.59
P000633,INV000613,2024-05-12,58956.34
P000634,INV000614,2024-05-14,60317.36
P000635,INV000615,2024-05-20,55724.33
P000636,INV000616,2024-05-26,47816.27
P000637,INV000617,2024-06-03,55246.44
P000638,INV000618,2024-06-25,31903.06
P000639,INV000619,2024-07-11,35382.24
P000640,INV000620,2024-07-18,40766.58
P000641,INV000621,2024-08-23,37539.21
P000642,INV000622,2024-11-14,24309.49
P000643,INV000623,2025-01-04,100012.93
P000644,INV000624,2025-01-17,42173.43
P000645,INV000625,2025-02-07,31172.09
P000646,INV000626,2025-02-18,22263.46
P000647,INV000626,2025-02-21,16672.03
P000648,INV000627,2025-04-17,63830.61
P000649,INV000628,2025-05-25,91951.42
P000650,INV000629,2025-06-27,23375.27
P000651,INV000629,2025-06-30,23068.42
P000652,INV000630,2025-07-31,17389.91
P000653,INV000631,2025-08-12,51150.04
P000654,INV000632,2025-09-28,68523.34
P000655,INV000633,2025-10-08,59018.54
P000656,INV000634,2025-10-24,36984.93
P000657,INV000635,2025-11-06,46148.33
P000658,INV000636,2025-11-09,81721.74
P000659,INV000638,2025-12-04,40027.58
P000660,INV000639,2025-12-14,30658.78
P000661,INV000640,2025-12-18,32525.92
P000662,INV000640,2025-12-21,29032.45
P000663,INV000641,2025-12-20,44613.63
P000664,INV000643,2024-04-07,2359.58
P000665,INV000644,2024-09-14,2973.92
P000666,INV000645,2024-12-07,6032.56
P000667,INV000646,2025-03-18,2891.81
P000668,INV000647,2025-04-08,1590.4
P000669,INV000648,2025-10-19,2673.73
P000670,INV000649,2025-11-18,6632.37
P000671,INV000650,2024-01-31,10337.25
P000672,INV000651,2024-02-26,11925.41
P000673,INV000652,2024-04-08,10043.7
P000674,INV000653,2024-05-26,8770.86
P000675,INV000653,2024-05-29,8651.1
P000676,INV000654,2024-06-04,8860.73
P000677,INV000655,2024-10-18,2626.4
P000678,INV000655,2024-10-25,2479.55
P000679,INV000656,2024-11-09,5450.21
P000680,INV000657,2024-12-07,5929.56
P000681,INV000657,2024-12-10,4302.51
P000682,INV000658,2024-12-29,15138.28
P000683,INV000659,2025-02-09,16602.19
P000684,INV000660,2025-03-15,9820.11
P000685,INV000661,2025-04-24,14271.87
P000686,INV000662,2025-05-07,14820.86
P000687,INV000662,2025-05-10,10559.95
P000688,INV000663,2025-05-14,12545.37
P000689,INV000664,2025-08-26,12311.75
P000690,INV000665,2025-10-10,11392.11
P000691,INV000666,2025-11-21,11958.89
P000692,INV000667,2025-11-28,13102.84
P000693,INV000670,2024-02-27,8604.34
P000694,INV000671,2024-03-10,10902.44
P000695,INV000672,2024-04-05,7193.01
P000696,INV000673,2024-06-30,9580.78
P000697,INV000674,2024-09-22,9395.11
P000698,INV000675,2024-11-25,9657.5
P000699,INV000676,2024-12-23,2901.76
P000700,INV000676,2024-12-26,3459.66
P000701,INV000677,2024-12-26,10957.34
P000702,INV000678,2025-01-01,7872.67
P000703,INV000680,2025-02-07,10111.78
P000704,INV000681,2025-04-18,21074.53
P000705,INV000682,2025-04-18,12613.87
P000706,INV000683,2025-06-09,9116.92
P000707,INV000684,2025-06-18,7930.5
P000708,INV000685,2025-09-27,19749.12
P000709,INV000686,2025-10-02,10754.78
P000710,INV000687,2025-12-21,20274.86
P000711,INV000688,2024-03-28,3960.83
P000712,INV000689,2024-05-18,932.18
P000713,INV000690,2024-09-09,2844.92
P000714,INV000691,2024-11-11,1839.9
P000715,INV000692,2025-04-11,1580.79
P000716,INV000693,2025-07-01,2006.54
P000717,INV000694,2024-11-06,2454.22
P000718,INV000695,2024-11-29,772.74
P000719,INV000696,2025-07-11,1918.32
P000720,INV000697,2024-02-26,21083.91
P000721,INV000698,2024-02-29,9386.08
P000722,INV000699,2024-04-19,11107.37
P000723,INV000700,2024-05-19,5506.04
P000724,INV000700,2024-05-22,3874.11
P000725,INV000701,2024-06-28,9944.67
P000726,INV000702,2024-08-20,15496.8
P000727,INV000703,2024-09-16,8074.12
P000728,INV000704,2024-09-25,36493.92
P000729,INV000705,2024-10-26,13754.63
P000730,INV000706,2024-11-19,5223.44
P000731,INV000706,2024-11-22,4631.52
P000732,INV000707,2025-01-18,18709.94
P000733,INV000708,2025-02-06,17140.56
P000734,INV000709,2025-06-21,16648.87
P000735,INV000710,2025-07-12,8410.41
P000736,INV000711,2025-08-15,6840.25
P000737,INV000713,2024-05-01,2086.89
P000738,INV000714,2024-05-07,2149.66
P000739,INV000715,2024-07-19,5429.88
P000740,INV000716,2025-02-07,2659.87
P000741,INV000717,2025-05-23,3277.45
P000742,INV000718,2025-05-25,2146.01
P000743,INV000719,2025-11-10,4054.88
P000744,INV000720,2025-12-21,1373.28
P000745,INV000721,2025-12-31,765.74
P000746,INV000721,2025-12-31,885.26
P000747,INV000722,2024-02-22,4718.87
P000748,INV000722,2024-03-01,4180.66
P000749,INV000723,2024-02-21,4403.84
P000750,INV000723,2024-02-24,2073.45
P000751,INV000724,2024-05-27,11375.63
P000752,INV000725,2024-06-06,12084.69
P000753,INV000726,2024-08-18,16466.07
P000754,INV000727,2024-10-12,9510.16
P000755,INV000728,2024-10-10,31122.43
P000756,INV000729,2024-11-03,5875.78
P000757,INV000731,2025-02-07,27571.15
P000758,INV000732,2025-04-04,7326.68
P000759,INV000732,2025-04-07,6920.36
P000760,INV000733,2025-04-22,6594.16
P000761,INV000734,2025-07-03,18922.11
P000762,INV000735,2025-08-16,7137.14
P000763,INV000736,2025-12-06,8841.56
P000764,INV000737,2025-12-27,7913.31
P000765,INV000738,2025-12-31,11145.81
P000766,INV000739,2024-02-10,18266.65
P000767,INV000740,2024-04-09,15013.44
P000768,INV000741,2024-04-29,13795.55
P000769,INV000742,2024-05-25,21580.43
P000770,INV000743,2024-06-26,7970.31
P000771,INV000744,2024-06-29,14879.28
P000772,INV000745,2024-08-22,7486.28
P000773,INV000746,2024-10-03,15288.76
P000774,INV000747,2025-01-29,6286.69
P000775,INV000748,2025-03-14,20675.52
P000776,INV000748,2025-03-18,8496.94
P000777,INV000749,2025-04-27,10471.69
P000778,INV000750,2025-05-13,2983.46
P000779,INV000750,2025-05-17,2347.83
P000780,INV000751,2025-06-02,5330.64
P000781,INV000752,2025-10-21,13187.0
P000782,INV000753,2025-12-03,8478.7
P000783,INV000755,2024-03-15,4174.87
P000784,INV000756,2024-05-22,4858.69
P000785,INV000757,2024-06-09,3115.18
P000786,INV000758,2024-09-22,3986.93
P000787,INV000759,2024-12-15,1182.26
P000788,INV000760,2024-12-23,1502.71
P000789,INV000761,2025-03-13,2725.06
P000790,INV000762,2025-05-08,2242.63
P000791,INV000763,2025-06-29,2735.33
P000792,INV000764,2025-09-01,3582.15
P000793,INV000765,2025-02-18,5010.51
P000794,INV000766,2025-04-15,3317.3
P000795,INV000767,2025-04-25,1949.42
P000796,INV000768,2025-05-23,5283.56
P000797,INV000769,2025-06-12,1071.55
P000798,INV000770,2025-07-15,1253.05
P000799,INV000770,2025-07-20,1322.76
P000800,INV000771,2025-07-26,1202.76
P000801,INV000771,2025-07-29,1764.49
P000802,INV000772,2025-11-30,4111.93
P000803,INV000774,2024-01-27,2919.51
P000804,INV000775,2024-09-15,2081.84
P000805,INV000776,2025-03-05,1145.72
P000806,INV000777,2025-03-18,4381.69
P000807,INV000778,2025-07-17,1807.21
P000808,INV000779,2025-08-02,1618.46
P000809,INV000780,2025-09-05,4041.88
P000810,INV000781,2024-06-27,4445.9
P000811,INV000782,2025-02-02,1339.88
P000812,INV000782,2025-02-05,1693.91
P000813,INV000783,2025-05-19,2858.82
P000814,INV000784,2025-08-30,3598.93
P000815,INV000785,2025-09-29,1859.06
P000816,INV000786,2025-11-04,1933.4
P000817,INV000787,2025-11-18,2121.6
P000818,INV000787,2025-11-21,1172.52
P000819,INV000789,2024-01-24,3834.36
P000820,INV000790,2024-05-25,1475.24
P000821,INV000791,2024-08-31,926.97
P000822,INV000792,2024-11-07,2147.81
P000823,INV000793,2025-02-05,5914.67
P000824,INV000794,2025-09-03,540.13
P000825,INV000794,2025-09-09,212.96
P000826,INV000795,2025-10-24,1778.77
P000827,INV000796,2024-02-16,15447.88
P000828,INV000797,2024-02-16,14045.54
P000829,INV000798,2024-02-25,6106.67
P000830,INV000799,2024-09-24,12541.26
P000831,INV000800,2024-10-19,10391.62
P000832,INV000801,2024-12-16,4048.63
P000833,INV000801,2024-12-19,3018.26
P000834,INV000802,2024-12-30,22188.27
P000835,INV000803,2025-02-17,9971.48
P000836,INV000804,2025-03-11,16674.11
P000837,INV000805,2025-03-25,14186.13
P000838,INV000806,2025-05-02,15195.83
P000839,INV000808,2025-08-21,1824.09
P000840,INV000808,2025-08-24,2391.6
P000841,INV000809,2025-09-14,9448.53
P000842,INV000810,2025-09-18,16779.41
P000843,INV000811,2025-10-07,11298.05
P000844,INV000811,2025-10-10,4265.37
P000845,INV000812,2025-10-29,12023.42
P000846,INV000813,2024-04-09,5452.99
P000847,INV000814,2024-04-19,1914.57
P000848,INV000815,2024-05-07,1962.05
P000849,INV000816,2024-06-18,3997.66
P000850,INV000817,2025-07-14,1295.94
P000851,INV000818,2025-09-29,2437.76
P000852,INV000819,2025-10-24,1018.8
P000853,INV000820,2024-04-07,50084.86
P000854,INV000821,2024-04-22,41636.5
P000855,INV000822,2024-04-27,26035.57
P000856,INV000823,2024-06-03,79595.22
P000857,INV000824,2024-07-16,38552.73
P000858,INV000825,2024-07-12,72665.01
P000859,INV000826,2024-07-15,53920.68
P000860,INV000827,2024-08-23,21986.47
P000861,INV000827,2024-08-26,7691.4
P000862,INV000828,2024-09-09,88094.96
P000863,INV000829,2024-09-17,47457.45
P000864,INV000830,2024-09-25,41586.19
P000865,INV000831,2024-10-12,56253.85
P000866,INV000831,2024-10-15,30199.85
P000867,INV000832,2024-12-05,33479.16
P000868,INV000832,2024-12-08,26285.25
P000869,INV000833,2024-12-04,31003.9
P000870,INV000834,2024-12-30,50028.96
P000871,INV000834,2025-01-02,29259.01
P000872,INV000835,2025-01-21,46658.26
P000873,INV000836,2025-02-12,62607.51
P000874,INV000837,2025-02-10,41790.69
P000875,INV000838,2025-03-05,42745.58
P000876,INV000838,2025-03-09,24434.66
P000877,INV000839,2025-03-12,33514.08
P000878,INV000840,2025-03-10,11579.49
P000879,INV000840,2025-03-13,14651.9
P000880,INV000841,2025-03-09,36803.25
P000881,INV000842,2025-04-04,73009.94
P000882,INV000843,2025-04-24,114373.79
P000883,INV000844,2025-05-05,23298.52
P000884,INV000845,2025-06-01,35156.09
P000885,INV000846,2025-05-29,36791.13
P000886,INV000846,2025-06-01,16830.32
P000887,INV000847,2025-06-14,33655.0
P000888,INV000848,2025-07-27,35325.82
P000889,INV000849,2025-09-13,34300.98
P000890,INV000850,2025-09-25,41398.0
P000891,INV000851,2025-12-07,30353.94
P000892,INV000852,2025-12-13,12259.16
P000893,INV000852,2025-12-16,16665.41
P000894,INV000853,2025-12-15,56459.84
P000895,INV000854,2025-12-23,70849.07
P000896,INV000857,2024-07-06,3212.15
P000897,INV000858,2024-07-08,1935.2
P000898,INV000859,2025-01-09,997.83
P000899,INV000859,2025-01-12,630.16
P000900,INV000861,2025-03-07,2782.97
P000901,INV000862,2025-04-19,3323.92
P000902,INV000863,2025-08-12,3235.64
P000903,INV000864,2025-11-21,1777.0
P000904,INV000865,2024-03-21,45116.42
P000905,INV000866,2024-05-11,43159.13
P000906,INV000867,2024-05-17,37052.42
P000907,INV000868,2024-06-09,38594.12
P000908,INV000869,2024-08-16,83525.85
P000909,INV000870,2024-09-03,25335.89
P000910,INV000870,2024-09-06,25690.99
P000911,INV000871,2024-09-09,64589.44
P000912,INV000872,2024-11-14,63304.67
P000913,INV000873,2024-11-07,24446.08
P000914,INV000873,2024-11-13,14624.57
P000915,INV000875,2024-12-27,68694.39
P000916,INV000876,2025-02-26,72689.34
P000917,INV000877,2025-03-28,42030.71
P000918,INV000878,2025-04-21,72798.23
P000919,INV000879,2025-05-02,59350.38
P000920,INV000880,2025-06-29,14594.45
P000921,INV000880,2025-07-02,13935.4
P000922,INV000881,2025-08-27,36914.75
P000923,INV000882,2025-10-02,77304.75
P000924,INV000883,2025-10-15,60794.12
P000925,INV000884,2025-10-22,98225.34
P000926,INV000885,2025-11-15,41741.05
P000927,INV000886,2025-11-13,34796.17
P000928,INV000887,2025-11-18,86351.13
P000929,INV000888,2025-12-31,103606.82
P000930,INV000893,2024-01-31,2599.85
P000931,INV000894,2024-01-31,1761.99
P000932,INV000895,2024-02-21,1380.74
P000933,INV000896,2024-09-23,1792.42
P000934,INV000897,2024-12-20,3090.09
P000935,INV000898,2025-12-19,2498.39
P000936,INV000899,2024-01-17,2117.1
P000937,INV000900,2024-05-02,1539.09
P000938,INV000901,2024-06-29,1332.15
P000939,INV000902,2024-08-04,3956.96
P000940,INV000903,2025-01-22,2420.36
P000941,INV000904,2025-02-17,4244.99
P000942,INV000905,2025-03-05,3651.87
P000943,INV000906,2025-04-01,4510.12
P000944,INV000907,2025-04-21,2644.91
P000945,INV000908,2024-04-18,2646.54
P000946,INV000909,2024-05-16,2368.23
P000947,INV000909,2024-05-19,1277.48
P000948,INV000910,2024-09-03,7910.99
P000949,INV000911,2024-11-13,7755.33
P000950,INV000912,2024-12-03,2637.95
P000951,INV000913,2025-03-13,1366.22
P000952,INV000914,2025-05-14,1304.6
P000953,INV000914,2025-05-26,1933.28
P000954,INV000915,2025-06-30,6345.53
P000955,INV000916,2025-07-28,1953.88
P000956,INV000918,2025-10-21,2309.65
P000957,INV000920,2024-07-09,994.21
P000958,INV000920,2024-07-12,646.57
P000959,INV000921,2024-10-26,6023.31
P000960,INV000922,2024-11-15,2010.81
P000961,INV000923,2024-12-18,3159.98
P000962,INV000924,2025-05-24,3304.49
P000963,INV000925,2025-07-31,1668.58
P000964,INV000926,2025-08-05,4154.78
P000965,INV000927,2024-06-01,4216.86
P000966,INV000928,2024-06-11,3732.89
P000967,INV000928,2024-06-14,1299.04
P000968,INV000929,2024-07-17,911.19
P000969,INV000929,2024-07-20,764.06
P000970,INV000930,2024-08-08,2258.54
P000971,INV000931,2025-02-10,2991.62
P000972,INV000932,2025-03-25,1999.23
P000973,INV000933,2025-06-03,3646.5
P000974,INV000934,2025-06-04,2895.05
P000975,INV000935,2025-07-05,1505.09
P000976,INV000936,2025-05-08,843.73
P000977,INV000937,2025-07-06,4142.54
P000978,INV000938,2025-10-29,1998.39
P000979,INV000939,2025-11-25,2162.84
P000980,INV000941,2024-02-19,1201.37
P000981,INV000941,2024-02-25,779.28
P000982,INV000942,2024-02-21,1093.46
P000983,INV000943,2024-04-07,4674.32
P000984,INV000944,2024-06-28,2308.58
P000985,INV000945,2024-09-29,2179.82
P000986,INV000946,2025-03-06,2175.87
P000987,INV000947,2025-03-27,5091.58
P000988,INV000949,2024-03-07,50845.71
P000989,INV000950,2024-04-03,41292.49
P000990,INV000951,2024-04-02,39625.36
P000991,INV000952,2024-04-13,26442.99
P000992,INV000953,2024-06-20,40457.5
P000993,INV000954,2024-07-02,33738.88
P000994,INV000954,2024-07-05,25707.78
P000995,INV000955,2024-07-05,79333.22
P000996,INV000956,2024-07-05,22266.83
P000997,INV000957,2024-09-04,50593.14
P000998,INV000958,2024-09-09,26059.51
P000999,INV000959,2024-09-16,34840.33
P001000,INV000960,2024-10-10,36686.8
P001001,INV000960,2024-10-13,54028.31
P001002,INV000961,2024-11-17,45648.03
P001003,INV000962,2024-12-09,39511.59
P001004,INV000963,2024-12-30,70190.7
P001005,INV000964,2025-01-24,44107.03
P001006,INV000965,2025-03-12,45935.16
P001007,INV000966,2025-04-05,50669.76
P001008,INV000967,2025-05-03,40732.51
P001009,INV000968,2025-06-08,28394.78
P001010,INV000969,2025-06-15,31140.42
P001011,INV000970,2025-07-05,39772.35
P001012,INV000970,2025-07-08,25437.68
P001013,INV000971,2025-08-29,40199.36
P001014,INV000972,2025-09-06,43312.73
P001015,INV000973,2025-09-11,21778.92
P001016,INV000974,2025-11-20,45024.93
P001017,INV000974,2025-11-28,15644.65
P001018,INV000975,2025-12-11,81237.06
P001019,INV000978,2024-05-02,8605.58
P001020,INV000979,2024-05-04,22457.16
P001021,INV000980,2024-06-06,10670.42
P001022,INV000981,2024-07-05,3457.74
P001023,INV000981,2024-07-08,4930.53
P001024,INV000982,2024-07-24,8739.51
P001025,INV000983,2024-08-06,15991.4
P001026,INV000984,2024-08-12,6482.76
P001027,INV000985,2024-09-17,6724.06
P001028,INV000986,2024-09-19,9736.0
P001029,INV000986,2024-09-22,3557.72
P001030,INV000987,2024-10-04,15176.32
P001031,INV000987,2024-10-07,5912.49
P001032,INV000988,2024-10-15,8865.7
P001033,INV000990,2024-12-12,7205.82
P001034,INV000990,2024-12-15,6941.37
P001035,INV000991,2025-05-17,10659.39
P001036,INV000992,2025-09-16,10574.55
P001037,INV000993,2025-10-06,3649.0
P001038,INV000993,2025-10-09,5216.5
P001039,INV000994,2025-10-08,6968.98
P001040,INV000995,2025-12-05,8499.72
P001041,INV000996,2025-12-30,8009.02
P001042,INV000998,2024-01-20,2303.96
P001043,INV000998,2024-01-23,2139.45
P001044,INV000999,2024-06-02,1340.82
P001045,INV001000,2024-08-06,446.88
P001046,INV001000,2024-08-09,307.21
P001047,INV001001,2024-08-18,4265.36
P001048,INV001002,2024-12-06,2300.82
P001049,INV001003,2025-01-28,1513.59
P001050,INV001004,2025-04-19,1470.92
P001051,INV001004,2025-04-22,1117.43
P001052,INV001005,2025-04-30,2575.38
P001053,INV001006,2025-10-20,1567.24
P001054,INV001007,2025-11-08,2266.98
P001055,INV001008,2025-11-17,2415.98
P001056,INV001009,2024-03-11,4159.99
P001057,INV001010,2024-04-08,2775.44
P001058,INV001011,2024-12-14,3003.34
P001059,INV001012,2024-12-24,1690.53
P001060,INV001013,2025-03-17,2595.77
P001061,INV001014,2025-05-12,1662.7
P001062,INV001016,2025-09-02,1887.02
P001063,INV001017,2025-10-01,4077.48
P001064,INV001018,2025-12-29,2935.47
P001065,INV001019,2025-12-27,1517.42
P001066,INV001019,2025-12-30,1574.26
P001067,INV001020,2024-07-13,3794.75
P001068,INV001021,2024-12-25,1983.08
P001069,INV001022,2025-01-27,2376.86
P001070,INV001023,2025-03-05,2017.46
P001071,INV001024,2025-03-13,1650.3
P001072,INV001025,2025-04-01,4131.07
P001073,INV001026,2025-07-21,3795.13
P001074,INV001027,2025-09-24,1588.9
P001075,INV001027,2025-09-27,1501.83
P001076,INV001028,2025-12-25,4437.29
P001077,INV001029,2024-04-28,117121.43
P001078,INV001030,2024-05-22,49443.21
P001079,INV001031,2024-05-29,92685.15
P001080,INV001032,2024-06-30,44834.98
P001081,INV001033,2024-07-04,20283.79
P001082,INV001033,2024-07-07,24518.96
P001083,INV001034,2024-06-28,45379.78
P001084,INV001035,2024-07-12,50594.12
P001085,INV001036,2024-07-15,59744.36
P001086,INV001037,2024-07-15,80260.92
P001087,INV001038,2024-08-28,28580.01
P001088,INV001038,2024-08-31,13217.1
P001089,INV001039,2024-10-09,27422.92
P001090,INV001040,2024-10-07,54983.29
P001091,INV001041,2024-11-11,50618.12
P001092,INV001042,2025-02-02,36430.29
P001093,INV001043,2025-03-09,53019.78
P001094,INV001044,2025-03-27,67933.85
P001095,INV001045,2025-04-03,56694.58
P001096,INV001046,2025-05-11,49026.11
P001097,INV001047,2025-05-21,93280.27
P001098,INV001048,2025-07-11,36547.46
P001099,INV001049,2025-07-26,78115.18
P001100,INV001050,2025-09-08,52045.95
P001101,INV001051,2025-09-26,22698.03
P001102,INV001051,2025-09-29,14683.26
P001103,INV001052,2025-10-08,29143.71
P001104,INV001053,2025-11-13,22071.66
P001105,INV001053,2025-11-16,27913.71
P001106,INV001054,2025-12-06,42925.64
P001107,INV001059,2024-02-09,972.63
P001108,INV001059,2024-02-24,584.28
P001109,INV001060,2024-04-07,1253.46
P001110,INV001060,2024-05-14,1195.74
P001111,INV001061,2024-07-02,3707.77
P001112,INV001062,2024-07-09,950.37
P001113,INV001063,2024-08-25,2592.39
P001114,INV001064,2024-10-24,2312.02
P001115,INV001065,2024-11-16,4615.8
P001116,INV001066,2024-12-26,2854.1
P001117,INV001067,2025-01-22,2776.96
P001118,INV001068,2025-03-22,2234.58
P001119,INV001069,2025-10-07,3754.99
P001120,INV001070,2024-04-25,6164.09
P001121,INV001070,2024-04-28,5050.08
P001122,INV001072,2024-08-04,19463.12
P001123,INV001073,2024-08-20,10508.59
P001124,INV001074,2024-08-30,10552.37
P001125,INV001075,2024-10-06,7327.79
P001126,INV001076,2024-11-20,9273.66
P001127,INV001077,2024-12-17,8674.61
P001128,INV001078,2025-01-27,18221.95
P001129,INV001079,2025-02-19,15030.78
P001130,INV001080,2025-04-12,14834.23
P001131,INV001081,2025-05-28,9294.16
P001132,INV001082,2025-05-30,6189.92
P001133,INV001083,2025-06-07,9073.65
P001134,INV001084,2025-07-05,4505.45
P001135,INV001085,2025-07-11,5616.98
P001136,INV001085,2025-07-14,5494.24
P001137,INV001086,2025-10-09,8960.27
P001138,INV001087,2025-10-13,10267.72
P001139,INV001088,2024-07-11,2330.76
P001140,INV001089,2024-09-14,1378.42
P001141,INV001091,2025-11-13,4186.38
P001142,INV001092,2024-03-09,19894.27
P001143,INV001093,2024-03-20,23294.76
P001144,INV001094,2024-04-17,13845.49
P001145,INV001095,2024-05-19,19899.07
P001146,INV001096,2024-06-30,10090.26
P001147,INV001097,2024-07-18,15051.1
P001148,INV001098,2024-08-06,7288.79
P001149,INV001099,2024-10-10,18086.11
P001150,INV001100,2025-02-12,15907.63
P001151,INV001101,2025-02-20,5153.69
P001152,INV001102,2025-09-29,29307.56
P001153,INV001103,2025-10-26,8825.58
P001154,INV001104,2025-10-28,6497.67
P001155,INV001105,2024-05-15,2660.79
P001156,INV001106,2024-06-25,1792.02
P001157,INV001107,2024-10-25,2067.67
P001158,INV001108,2024-11-27,4594.4
P001159,INV001109,2024-12-12,1521.76
P001160,INV001110,2025-03-05,2194.05
P001161,INV001111,2025-02-25,1365.93
P001162,INV001112,2025-04-08,4297.19
P001163,INV001113,2025-03-24,3787.87
P001164,INV001114,2025-10-16,2978.61
P001165,INV001115,2025-11-07,1408.78
P001166,INV001116,2025-11-06,1616.83
P001167,INV001116,2025-11-09,1215.51
P001168,INV001117,2025-11-20,2968.53
P001169,INV001117,2025-11-28,1612.05
P001170,INV001118,2024-11-26,1534.96
P001171,INV001118,2024-11-29,1274.72
P001172,INV001120,2025-06-07,3568.61
P001173,INV001121,2025-11-27,1646.26
P001174,INV001122,2025-12-06,4159.79
P001175,INV001123,2024-02-01,2378.56
P001176,INV001123,2024-02-04,2583.19
P001177,INV001124,2024-04-12,1493.73
P001178,INV001125,2024-04-21,2909.53
P001179,INV001126,2024-09-27,4051.15
P001180,INV001126,2024-09-30,1508.55
P001181,INV001127,2025-02-15,1081.12
P001182,INV001128,2025-04-03,2846.55
P001183,INV001129,2025-09-10,3459.48
P001184,INV001130,2025-11-10,1062.66
P001185,INV001130,2025-11-13,1411.05
P001186,INV001132,2024-01-19,6259.49
P001187,INV001133,2024-03-10,6581.13
P001188,INV001134,2024-05-07,3204.96
P001189,INV001135,2024-08-17,4534.14
P001190,INV001136,2024-10-26,1500.39
P001191,INV001136,2024-10-29,1132.29
P001192,INV001137,2024-12-23,1640.75
P001193,INV001137,2024-12-26,1610.13
P001194,INV001138,2025-02-22,1542.97
P001195,INV001138,2025-02-25,515.35
P001196,INV001139,2025-12-28,2662.1
P001197,INV001139,2025-12-31,2230.64
P001198,INV001142,2024-04-18,27527.29
P001199,INV001142,2024-04-25,40694.81
P001200,INV001143,2024-05-07,55727.88
P001201,INV001144,2024-05-28,55768.99
P001202,INV001145,2024-07-25,53592.81
P001203,INV001146,2024-08-06,37123.65
P001204,INV001146,2024-08-13,28294.41
P001205,INV001147,2024-09-24,71392.1
P001206,INV001148,2024-10-31,73625.03
P001207,INV001149,2024-11-09,44704.27
P001208,INV001150,2024-11-09,49626.33
P001209,INV001151,2024-12-09,150316.15
P001210,INV001152,2025-01-03,29786.71
P001211,INV001153,2025-01-02,39366.11
P001212,INV001154,2025-02-06,82538.97
P001213,INV001155,2025-02-10,115773.14
P001214,INV001156,2025-03-17,29860.3
P001215,INV001156,2025-03-21,10551.11
P001216,INV001157,2025-03-12,22513.23
P001217,INV001158,2025-03-21,54344.84
P001218,INV001159,2025-04-20,121562.28
P001219,INV001160,2025-04-19,52232.43
P001220,INV001161,2025-05-07,34534.14
P001221,INV001162,2025-04-15,113002.63
P001222,INV001163,2025-05-05,47032.01
P001223,INV001164,2025-06-10,18512.46
P001224,INV001165,2025-08-04,68547.09
P001225,INV001166,2025-11-09,21885.46
P001226,INV001166,2025-11-14,13734.93
P001227,INV001167,2025-12-16,47631.43
P001228,INV001167,2025-12-19,21671.71
P001229,INV001168,2025-12-29,36385.74
P001230,INV001170,2024-02-29,17662.4
P001231,INV001171,2024-05-06,7252.85
P001232,INV001172,2024-11-05,6626.27
P001233,INV001173,2024-11-09,16963.01
P001234,INV001174,2024-12-22,8756.17
P001235,INV001175,2024-12-23,16699.12
P001236,INV001176,2025-03-20,5394.31
P001237,INV001177,2025-03-29,4885.12
P001238,INV001178,2025-05-13,19991.55
P001239,INV001179,2025-06-28,12670.6
P001240,INV001180,2025-09-09,12880.99
P001241,INV001181,2025-12-07,13475.8
P001242,INV001183,2024-03-28,2838.07
P001243,INV001184,2024-06-08,4404.04
P001244,INV001185,2024-08-05,802.01
P001245,INV001185,2024-08-08,350.94
P001246,INV001186,2025-06-17,2950.43
P001247,INV001188,2024-03-18,22050.39
P001248,INV001189,2024-03-30,7178.8
P001249,INV001190,2024-04-14,4556.95
P001250,INV001190,2024-04-27,6147.39
P001251,INV001191,2024-05-31,8213.55
P001252,INV001192,2024-09-10,16285.53
P001253,INV001193,2024-09-24,6084.49
P001254,INV001194,2024-12-04,9853.95
P001255,INV001195,2024-12-20,8545.68
P001256,INV001196,2024-12-22,15954.39
P001257,INV001197,2025-02-25,9549.47
P001258,INV001198,2025-04-10,6414.62
P001259,INV001198,2025-04-13,6291.17
P001260,INV001199,2025-07-05,8504.82
P001261,INV001200,2025-08-24,3964.56
P001262,INV001201,2025-08-23,10425.34
P001263,INV001202,2025-09-18,18055.35
P001264,INV001203,2025-10-16,15211.84
P001265,INV001204,2025-10-28,5649.83
P001266,INV001205,2025-11-13,14208.02
P001267,INV001205,2025-11-19,9222.2
P001268,INV001206,2025-11-15,9949.63
P001269,INV001207,2025-12-05,12763.28
P001270,INV001208,2025-11-23,6094.9
P001271,INV001208,2025-11-26,2753.5
P001272,INV001209,2025-12-04,15230.88
P001273,INV001211,2024-04-01,4210.2
P001274,INV001212,2024-05-17,2979.61
P001275,INV001213,2024-05-16,2675.61
P001276,INV001214,2024-08-30,9695.83
P001277,INV001215,2025-07-14,2617.64
P001278,INV001216,2024-06-14,2424.82
P001279,INV001217,2024-07-09,1740.61
P001280,INV001218,2024-08-11,1254.91
P001281,INV001218,2024-08-14,918.62
P001282,INV001219,2024-11-14,830.6
P001283,INV001220,2024-12-20,2318.96
P001284,INV001221,2025-05-07,13695.63
P001285,INV001222,2025-05-30,2543.2
P001286,INV001223,2025-10-12,1628.97
P001287,INV001224,2024-06-25,495.05
P001288,INV001224,2024-06-28,589.99
P001289,INV001225,2024-06-30,2754.11
P001290,INV001226,2024-06-30,2243.83
P001291,INV001227,2024-08-26,1096.12
P001292,INV001228,2024-09-11,1841.74
P001293,INV001229,2024-10-31,2772.08
P001294,INV001230,2024-11-09,4885.8
P001295,INV001231,2025-02-12,2094.11
P001296,INV001232,2025-06-21,2384.01
P001297,INV001233,2025-07-18,5590.98
P001298,INV001234,2025-08-17,2622.23
P001299,INV001235,2025-10-13,4848.33
P001300,INV001236,2025-10-20,3066.49
P001301,INV001237,2024-02-10,3968.75
P001302,INV001238,2024-09-14,3027.38
P001303,INV001239,2024-10-24,2328.93
P001304,INV001240,2025-01-16,1373.34
P001305,INV001241,2025-03-25,3728.84
P001306,INV001241,2025-04-08,1310.65
P001307,INV001242,2025-07-14,8678.96
P001308,INV001243,2025-08-16,4723.74
P001309,INV001244,2025-09-23,3347.21
P001310,INV001245,2025-10-28,2541.68
P001311,INV001246,2024-02-01,1718.22
P001312,INV001247,2024-03-05,4269.6
P001313,INV001248,2024-05-23,3917.18
P001314,INV001249,2024-08-07,1395.99
P001315,INV001250,2024-12-31,961.43
P001316,INV001250,2025-01-07,331.54
P001317,INV001251,2025-01-04,2008.68
P001318,INV001252,2025-02-05,2416.17
P001319,INV001252,2025-02-08,1115.74
P001320,INV001253,2025-04-28,1740.15
P001321,INV001253,2025-05-01,1324.45
P001322,INV001254,2024-03-06,2726.32
P001323,INV001255,2024-10-05,2651.92
P001324,INV001256,2024-10-26,2516.34
P001325,INV001257,2024-12-27,1764.47
P001326,INV001258,2024-12-30,3897.58
P001327,INV001259,2025-09-26,1594.15
P001328,INV001260,2025-11-04,3722.26
P001329,INV001261,2024-01-21,2817.31
P001330,INV001262,2024-04-18,1690.09
P001331,INV001263,2024-05-30,3881.94
P001332,INV001264,2024-06-25,5645.17
P001333,INV001265,2024-09-11,1059.6
P001334,INV001266,2025-01-01,923.06
P001335,INV001266,2025-01-04,604.1
P001336,INV001267,2025-01-07,1921.76
P001337,INV001268,2025-01-24,1265.18
P001338,INV001269,2025-01-31,939.22
P001339,INV001270,2025-02-03,2490.04
P001340,INV001271,2025-02-25,2984.29
P001341,INV001272,2025-11-23,2998.04
P001342,INV001273,2025-12-15,1662.39
P001343,INV001274,2024-01-22,1561.59
P001344,INV001275,2024-05-06,2838.14
P001345,INV001276,2024-05-10,2999.31
P001346,INV001277,2024-09-09,2242.31
P001347,INV001278,2024-10-21,3057.69
P001348,INV001279,2025-02-11,1757.17
P001349,INV001280,2025-04-27,2222.87
P001350,INV001281,2025-05-03,4932.64
P001351,INV001282,2025-09-19,484.8
P001352,INV001282,2025-09-22,641.25
P001353,INV001283,2025-10-01,4792.61
P001354,INV001284,2024-03-19,3251.06
P001355,INV001284,2024-03-22,2056.29
P001356,INV001285,2024-09-08,4082.17
P001357,INV001286,2025-03-13,1588.95
P001358,INV001287,2025-08-12,2808.57
P001359,INV001289,2024-02-20,1929.95
P001360,INV001290,2024-02-19,1868.83
P001361,INV001291,2024-03-24,3141.27
P001362,INV001292,2024-04-08,3185.62
P001363,INV001293,2024-08-30,1374.46
P001364,INV001294,2024-09-19,7083.92
P001365,INV001295,2024-11-30,5727.22
P001366,INV001296,2025-02-11,3390.1
P001367,INV001297,2025-06-25,1778.68
P001368,INV001298,2025-08-12,2013.04
P001369,INV001299,2025-10-07,2211.3
P001370,INV001301,2024-08-03,2045.02
P001371,INV001302,2025-01-28,2240.37
P001372,INV001303,2025-03-03,4627.1
P001373,INV001304,2025-05-26,2095.17
P001374,INV001305,2025-07-02,2033.32
P001375,INV001306,2025-07-28,1639.53
P001376,INV001307,2025-11-24,1492.63
P001377,INV001309,2024-03-02,8074.08
P001378,INV001310,2024-03-18,7843.15
P001379,INV001310,2024-03-21,3848.6
P001380,INV001311,2024-10-06,8922.05
P001381,INV001312,2024-10-20,10660.53
P001382,INV001313,2024-10-23,8860.41
P001383,INV001314,2025-03-05,11517.89
P001384,INV001315,2025-06-15,9938.47
P001385,INV001316,2025-07-18,10713.25
P001386,INV001317,2025-07-19,6690.91
P001387,INV001318,2025-08-05,6689.24
P001388,INV001319,2025-11-27,9507.48
P001389,INV001320,2025-12-26,19132.47
P001390,INV001321,2024-02-10,5959.58
P001391,INV001322,2024-03-08,1858.01
P001392,INV001323,2024-07-15,3892.62
P001393,INV001324,2024-10-01,631.23
P001394,INV001325,2024-12-01,1872.96
P001395,INV001326,2025-01-21,2479.39
P001396,INV001327,2025-04-19,2809.57
P001397,INV001328,2025-06-28,1046.44
P001398,INV001328,2025-07-07,473.73
P001399,INV001329,2025-07-14,1376.26
P001400,INV001330,2025-08-08,1690.03
P001401,INV001331,2025-10-15,4583.52
P001402,INV001332,2025-10-01,5560.81
P001403,INV001333,2024-07-06,2898.17
P001404,INV001334,2024-08-25,6348.05
P001405,INV001335,2025-05-11,3448.1
P001406,INV001336,2025-07-07,5239.13
P001407,INV001337,2024-04-01,1136.01
P001408,INV001338,2024-05-11,1034.22
P001409,INV001339,2024-06-28,1043.63
P001410,INV001340,2024-08-25,1594.89
P001411,INV001340,2024-08-28,1331.44
P001412,INV001341,2024-09-15,3335.23
P001413,INV001342,2024-12-30,3069.66
P001414,INV001343,2025-04-07,1244.54
P001415,INV001344,2024-07-29,1866.57
P001416,INV001344,2024-08-23,1076.18
P001417,INV001345,2024-11-09,844.84
P001418,INV001346,2024-12-25,3543.1
P001419,INV001347,2025-02-11,2446.61
P001420,INV001348,2025-05-05,2194.77
P001421,INV001349,2025-07-23,2013.48
P001422,INV001351,2025-10-26,3675.51
P001423,INV001352,2025-12-10,3793.13
P001424,INV001352,2025-12-13,1549.98
P001425,INV001353,2024-02-24,10024.28
P001426,INV001354,2024-04-01,17798.49
P001427,INV001355,2024-06-09,7887.95
P001428,INV001356,2024-07-18,19870.87
P001429,INV001356,2024-07-31,13813.05
P001430,INV001357,2024-08-31,5921.83
P001431,INV001357,2024-09-12,3123.94
P001432,INV001358,2024-10-23,14306.25
P001433,INV001359,2024-12-29,17542.73
P001434,INV001359,2025-01-01,12229.38
P001435,INV001360,2025-01-13,8734.77
P001436,INV001361,2025-01-27,6212.34
P001437,INV001361,2025-01-30,6364.63
P001438,INV001362,2025-02-13,13191.42
P001439,INV001363,2025-06-02,6744.91
P001440,INV001363,2025-06-11,5288.07
P001441,INV001364,2025-07-16,4695.46
P001442,INV001364,2025-07-19,4034.28
P001443,INV001365,2025-07-17,3810.09
P001444,INV001365,2025-07-20,2082.93
P001445,INV001366,2025-08-31,4170.24
P001446,INV001367,2025-09-11,11462.0
P001447,INV001368,2025-11-04,14039.57
P001448,INV001368,2025-11-07,6015.75
P001449,INV001369,2025-11-26,6361.32
P001450,INV001371,2024-06-20,1307.2
P001451,INV001371,2024-06-23,1012.91
P001452,INV001372,2025-01-12,661.03
P001453,INV001373,2025-02-27,1159.01
P001454,INV001374,2025-06-22,4376.22
P001455,INV001375,2025-07-15,3099.53
P001456,INV001376,2025-10-14,4533.24
P001457,INV001377,2024-05-12,1450.94
P001458,INV001378,2024-06-21,2782.38
P001459,INV001379,2024-09-06,2191.32
P001460,INV001380,2024-10-14,1347.57
P001461,INV001381,2025-04-17,921.97
P001462,INV001381,2025-04-20,347.63
P001463,INV001382,2025-06-03,473.52
P001464,INV001382,2025-06-06,495.01
P001465,INV001383,2025-06-29,2940.57
P001466,INV001384,2025-09-11,3136.81
P001467,INV001385,2024-03-01,147473.66
P001468,INV001386,2024-03-11,52075.31
P001469,INV001387,2024-03-20,71913.42
P001470,INV001388,2024-04-05,37323.4
P001471,INV001389,2024-04-16,13444.07
P001472,INV001389,2024-04-19,15512.04
P001473,INV001390,2024-04-29,38504.86
P001474,INV001390,2024-05-02,54769.93
P001475,INV001391,2024-05-03,41996.18
P001476,INV001393,2024-07-16,44269.79
P001477,INV001394,2024-07-17,40094.31
P001478,INV001395,2024-08-06,26113.4
P001479,INV001395,2024-08-09,24201.34
P001480,INV001396,2024-08-22,34232.97
P001481,INV001397,2024-09-06,18183.79
P001482,INV001397,2024-09-13,11052.79
P001483,INV001398,2024-11-23,108263.07
P001484,INV001399,2024-12-01,35816.74
P001485,INV001400,2025-01-22,33839.45
P001486,INV001401,2025-02-06,64610.04
P001487,INV001402,2025-02-11,53446.87
P001488,INV001403,2025-03-22,76394.49
P001489,INV001404,2025-04-29,48235.22
P001490,INV001405,2025-06-13,80322.65
P001491,INV001406,2025-06-05,69137.85
P001492,INV001407,2025-07-07,44166.85
P001493,INV001408,2025-07-11,35981.33
P001494,INV001409,2025-07-20,89816.06
P001495,INV001410,2025-08-12,29302.97
P001496,INV001410,2025-08-15,25687.2
P001497,INV001411,2025-08-12,186470.86
P001498,INV001412,2025-08-15,44190.38
P001499,INV001413,2025-09-24,50400.77
P001500,INV001413,2025-09-27,26615.06
P001501,INV001414,2025-10-20,105301.34
P001502,INV001415,2025-10-18,78604.94
P001503,INV001416,2025-10-28,31321.8
P001504,INV001417,2025-11-15,44148.21
P001505,INV001418,2025-12-17,85942.62
P001506,INV001426,2024-02-20,1152.57
P001507,INV001426,2024-02-23,1207.57
P001508,INV001427,2024-06-13,2851.45
P001509,INV001428,2025-04-12,1744.21
P001510,INV001429,2025-07-24,788.05
P001511,INV001430,2025-12-19,3057.67
P001512,INV001432,2024-04-20,12545.17
P001513,INV001433,2024-04-12,19405.96
P001514,INV001434,2024-05-25,10504.51
P001515,INV001435,2024-06-08,7426.08
P001516,INV001436,2024-11-15,11481.44
P001517,INV001436,2024-11-18,8365.9
P001518,INV001437,2024-11-21,7373.46
P001519,INV001438,2025-04-24,6548.13
P001520,INV001439,2025-05-09,17094.74
P001521,INV001440,2025-09-14,52198.73
P001522,INV001441,2025-09-20,13169.83
P001523,INV001442,2024-08-09,2825.57
P001524,INV001443,2024-08-22,2227.72
P001525,INV001444,2024-09-15,972.44
P001526,INV001446,2024-10-04,4699.55
P001527,INV001447,2024-10-17,1158.65
P001528,INV001447,2024-10-20,725.65
P001529,INV001448,2024-12-04,3054.72
P001530,INV001449,2025-04-28,2298.2
P001531,INV001450,2025-10-27,4449.05
P001532,INV001451,2024-02-29,77990.11
P001533,INV001452,2024-04-09,21637.47
P001534,INV001452,2024-04-15,18171.92
P001535,INV001453,2024-07-16,111100.67
P001536,INV001454,2024-09-25,45741.71
P001537,INV001455,2024-11-12,69087.42
P001538,INV001456,2024-12-07,25305.33
P001539,INV001457,2025-02-01,66407.95
P001540,INV001458,2025-04-20,48136.87
P001541,INV001459,2025-05-15,42777.31
P001542,INV001460,2025-06-05,29008.06
P001543,INV001461,2025-06-19,78476.32
P001544,INV001462,2025-07-08,108302.36
P001545,INV001463,2025-07-30,34259.01
P001546,INV001464,2025-08-20,33769.89
P001547,INV001464,2025-08-23,25418.66
P001548,INV001465,2025-10-03,39648.2
P001549,INV001466,2025-10-18,52543.22
P001550,INV001470,2024-04-07,2269.73
P001551,INV001471,2024-09-16,3404.83
P001552,INV001472,2024-09-19,2750.83
P001553,INV001473,2024-11-17,1859.57
P001554,INV001473,2024-11-20,834.9
P001555,INV001474,2024-12-17,2458.86
P001556,INV001475,2024-12-22,1080.59
P001557,INV001476,2025-04-03,3696.84
P001558,INV001477,2025-05-01,1327.49
P001559,INV001478,2025-09-02,1850.71
P001560,INV001479,2025-11-09,5504.34
P001561,INV001480,2025-12-09,820.9
P001562,INV001481,2024-01-18,1654.08
P001563,INV001482,2024-05-21,2285.2
P001564,INV001483,2024-06-23,2898.8
P001565,INV001483,2024-06-26,3823.27
P001566,INV001484,2024-06-17,2625.12
P001567,INV001485,2024-07-15,3418.29
P001568,INV001486,2024-12-23,1499.22
P001569,INV001486,2024-12-28,2168.58
P001570,INV001487,2025-05-29,3373.88
P001571,INV001488,2025-08-06,3113.45
P001572,INV001489,2025-08-23,2292.84
P001573,INV001490,2025-11-15,1355.63
P001574,INV001491,2024-03-07,11397.96
P001575,INV001492,2024-03-06,9518.69
P001576,INV001492,2024-03-09,7021.09
P001577,INV001493,2024-06-29,21471.13
P001578,INV001494,2024-08-24,7497.83
P001579,INV001494,2024-08-27,7766.36
P001580,INV001495,2024-08-25,10873.95
P001581,INV001495,2024-08-28,4263.29
P001582,INV001496,2024-09-07,16868.34
P001583,INV001497,2024-10-08,6395.65
P001584,INV001497,2024-10-11,4520.15
P001585,INV001498,2024-11-05,22090.24
P001586,INV001499,2024-12-27,9480.96
P001587,INV001500,2025-01-09,14176.31
P001588,INV001501,2025-03-09,4305.14
P001589,INV001501,2025-03-12,5894.17
P001590,INV001502,2025-05-21,4042.61
P001591,INV001502,2025-05-24,1809.4
P001592,INV001503,2025-07-13,4552.06
P001593,INV001503,2025-07-16,2122.18
P001594,INV001504,2025-10-06,8472.36
P001595,INV001505,2025-12-20,3544.37
P001596,INV001507,2024-02-08,3697.12
P001597,INV001508,2024-02-09,2744.73
P001598,INV001509,2024-02-20,2939.72
P001599,INV001510,2024-03-09,2263.25
P001600,INV001511,2024-11-22,2156.78
P001601,INV001512,2025-01-20,2940.23
P001602,INV001513,2025-08-09,1735.75
P001603,INV001514,2024-06-19,28293.01
P001604,INV001515,2024-06-19,41705.46
P001605,INV001516,2024-06-30,84088.07
P001606,INV001517,2024-06-27,79875.11
P001607,INV001518,2024-07-03,56518.33
P001608,INV001519,2024-08-12,41086.61
P001609,INV001520,2024-08-20,19822.77
P001610,INV001521,2024-12-08,79107.91
P001611,INV001522,2024-12-21,54316.61
P001612,INV001523,2025-01-15,102920.55
P001613,INV001524,2025-01-07,29794.03
P001614,INV001525,2025-01-21,39821.86
P001615,INV001526,2025-02-27,38238.72
P001616,INV001527,2025-03-09,68137.61
P001617,INV001528,2025-03-10,55655.2
P001618,INV001529,2025-04-03,44120.07
P001619,INV001530,2025-04-08,17692.45
P001620,INV001530,2025-04-11,13594.25
P001621,INV001531,2025-06-09,88411.71
P001622,INV001532,2025-07-04,49968.68
P001623,INV001533,2025-07-22,43892.16
P001624,INV001535,2025-08-03,47513.15
P001625,INV001536,2025-09-01,23490.51
P001626,INV001536,2025-09-04,20179.0
P001627,INV001537,2025-09-08,31540.15
P001628,INV001538,2025-10-27,41841.78
P001629,INV001539,2025-10-27,45981.91
P001630,INV001540,2025-11-09,64948.66
P001631,INV001541,2025-12-09,63363.05
P001632,INV001542,2025-12-16,24734.57
P001633,INV001544,2024-07-03,6661.9
P001634,INV001545,2024-07-07,11970.9
P001635,INV001546,2024-09-29,11004.23
P001636,INV001547,2025-02-07,16101.45
P001637,INV001548,2025-02-04,26198.09
P001638,INV001549,2025-03-15,7785.23
P001639,INV001550,2025-03-29,7354.27
P001640,INV001551,2025-06-08,5690.92
P001641,INV001552,2025-07-10,11616.53
P001642,INV001553,2025-07-19,6080.95
P001643,INV001554,2025-09-27,10346.07
P001644,INV001555,2025-11-19,14352.72
P001645,INV001557,2024-03-28,21158.21
P001646,INV001559,2024-06-22,6126.71
P001647,INV001560,2024-07-26,5686.42
P001648,INV001561,2024-08-17,20533.0
P001649,INV001563,2024-11-17,8243.26
P001650,INV001564,2024-12-28,5567.29
P001651,INV001565,2025-01-14,16357.14
P001652,INV001566,2025-01-24,12332.23
P001653,INV001567,2025-02-03,13916.8
P001654,INV001568,2025-06-10,11210.67
P001655,INV001569,2025-08-07,14308.83
P001656,INV001570,2025-10-29,7660.8
P001657,INV001572,2024-03-05,1556.52
P001658,INV001573,2024-04-27,1525.96
P001659,INV001574,2024-07-12,2361.97
P001660,INV001575,2025-01-27,965.2
P001661,INV001576,2025-02-11,3072.85
P001662,INV001577,2025-08-08,1667.85
P001663,INV001578,2025-09-09,5154.12
P001664,INV001579,2025-09-19,3891.5
P001665,INV001580,2025-12-01,2303.0
P001666,INV001581,2024-05-26,1337.76
P001667,INV001583,2024-08-11,1566.19
P001668,INV001584,2024-09-22,2375.87
P001669,INV001585,2024-11-13,5284.03
P001670,INV001586,2025-03-31,2215.13
P001671,INV001587,2024-07-21,991.19
P001672,INV001588,2024-08-07,5362.42
P001673,INV001589,2024-10-07,3279.43
P001674,INV001590,2024-12-23,3118.43
P001675,INV001591,2025-01-24,4115.37
P001676,INV001592,2025-02-24,847.59
P001677,INV001592,2025-02-28,902.81
P001678,INV001593,2025-11-12,1901.83
P001679,INV001594,2025-11-23,1394.83
P001680,INV001594,2025-11-26,1260.45
P001681,INV001595,2025-12-26,3197.96
P001682,INV001597,2024-05-12,3102.42
P001683,INV001598,2024-07-22,18914.52
P001684,INV001599,2024-09-25,7347.21
P001685,INV001600,2024-10-16,17605.28
P001686,INV001601,2024-10-26,13813.41
P001687,INV001602,2024-11-13,8167.78
P001688,INV001603,2024-11-14,8914.32
P001689,INV001603,2024-11-17,7850.32
P001690,INV001604,2024-11-29,5312.4
P001691,INV001605,2024-11-26,5372.04
P001692,INV001605,2024-11-29,3938.94
P001693,INV001606,2025-03-03,8214.62
P001694,INV001607,2025-03-08,8903.32
P001695,INV001608,2025-07-04,9237.72
P001696,INV001609,2025-10-02,8644.05
P001697,INV001610,2025-10-28,3317.74
P001698,INV001610,2025-10-31,4847.49
P001699,INV001611,2025-12-01,15278.97
P001700,INV001612,2025-12-24,17236.65
P001701,INV001613,2024-02-01,5039.07
P001702,INV001614,2024-04-16,4954.42
P001703,INV001615,2024-04-30,6203.45
P001704,INV001616,2024-07-13,2008.24
P001705,INV001617,2025-01-01,4206.52
P001706,INV001618,2025-03-07,3011.14
P001707,INV001618,2025-03-10,1998.26
P001708,INV001619,2025-03-11,1980.54
P001709,INV001620,2025-05-12,981.54
P001710,INV001621,2025-08-08,3336.73
P001711,INV001622,2025-12-30,2572.58
P001712,INV001624,2024-02-09,8249.79
P001713,INV001625,2024-06-17,16871.39
P001714,INV001626,2024-09-14,6952.2
P001715,INV001627,2024-09-20,7373.91
P001716,INV001628,2024-10-19,11005.73
P001717,INV001628,2024-10-22,5531.21
P001718,INV001629,2024-11-30,13303.44
P001719,INV001630,2024-12-26,19370.93
P001720,INV001631,2025-03-02,21607.69
P001721,INV001632,2025-04-07,9377.37
P001722,INV001633,2025-04-24,15994.01
P001723,INV001634,2025-06-10,8795.6
P001724,INV001635,2025-07-17,15543.19
P001725,INV001636,2025-08-21,19629.29
P001726,INV001637,2025-09-02,4877.15
P001727,INV001637,2025-09-05,2739.55
P001728,INV001638,2025-09-04,17296.34
P001729,INV001639,2025-12-12,10783.96
P001730,INV001641,2024-03-09,16516.84
P001731,INV001642,2024-05-20,6588.45
P001732,INV001643,2024-06-05,9736.9
P001733,INV001644,2024-07-14,6051.2
P001734,INV001645,2024-08-04,9386.58
P001735,INV001646,2024-08-21,13088.04
P001736,INV001647,2024-08-23,14754.58
P001737,INV001648,2024-09-19,9450.17
P001738,INV001648,2024-09-22,5354.94
P001739,INV001649,2024-09-30,12581.29
P001740,INV001650,2024-10-08,7016.61
P001741,INV001650,2024-10-17,3675.86
P001742,INV001651,2024-10-23,13886.87
P001743,INV001652,2025-06-29,7707.68
P001744,INV001653,2025-06-21,16089.7
P001745,INV001654,2025-08-06,6805.06
P001746,INV001654,2025-08-25,5058.82
P001747,INV001655,2025-09-26,9859.16
P001748,INV001656,2025-10-17,6999.22
P001749,INV001657,2025-11-09,8402.94
P001750,INV001658,2025-11-06,9137.54
P001751,INV001660,2024-02-15,1689.37
P001752,INV001661,2024-04-07,4314.35
P001753,INV001662,2024-05-09,7272.92
P001754,INV001663,2024-06-22,1414.58
P001755,INV001664,2024-12-23,2161.88
P001756,INV001665,2025-01-20,1239.48
P001757,INV001666,2025-05-21,2117.15
P001758,INV001667,2025-11-13,5558.28
P001759,INV001668,2024-03-05,11200.21
P001760,INV001669,2024-03-31,17824.62
P001761,INV001670,2024-04-04,21560.0
P001762,INV001671,2024-05-02,8047.7
P001763,INV001671,2024-05-05,4064.2
P001764,INV001672,2024-08-01,7098.31
P001765,INV001673,2024-09-23,7184.21
P001766,INV001674,2024-11-03,13105.06
P001767,INV001675,2024-11-13,12828.24
P001768,INV001676,2024-11-17,23069.61
P001769,INV001677,2025-05-17,6245.77
P001770,INV001678,2025-07-06,5499.44
P001771,INV001679,2024-01-23,1997.66
P001772,INV001680,2024-02-23,3624.25
P001773,INV001681,2024-03-18,1812.19
P001774,INV001682,2024-04-15,2613.94
P001775,INV001683,2024-12-03,872.83
P001776,INV001684,2025-01-27,3417.86
P001777,INV001685,2025-07-16,2953.27
P001778,INV001686,2025-09-24,1811.82
P001779,INV001687,2025-10-09,3952.01
P001780,INV001688,2024-04-01,6589.61
P001781,INV001689,2024-06-10,3637.43
P001782,INV001689,2024-06-16,2123.1
P001783,INV001690,2024-08-21,8735.77
P001784,INV001691,2024-10-24,12841.82
P001785,INV001692,2024-10-31,11225.02
P001786,INV001693,2024-11-16,5851.86
P001787,INV001694,2024-12-22,18361.39
P001788,INV001695,2024-12-28,10897.7
P001789,INV001696,2024-12-26,10345.78
P001790,INV001696,2024-12-29,7949.35
P001791,INV001697,2025-02-08,17707.05
P001792,INV001698,2025-02-19,20020.2
P001793,INV001699,2025-04-15,13761.93
P001794,INV001700,2025-04-21,8722.43
P001795,INV001701,2025-05-30,17923.49
P001796,INV001702,2025-11-11,18461.86
P001797,INV001703,2025-12-20,18907.02
P001798,INV001707,2024-04-11,24087.89
P001799,INV001708,2024-06-13,57566.87
P001800,INV001709,2024-06-23,51839.69
P001801,INV001710,2024-06-22,49476.16
P001802,INV001711,2024-07-20,39092.22
P001803,INV001712,2024-09-05,48882.69
P001804,INV001713,2024-09-05,44588.83
P001805,INV001714,2024-10-11,50178.95
P001806,INV001715,2024-11-17,60362.64
P001807,INV001716,2024-11-30,53223.01
P001808,INV001718,2025-01-30,36768.7
P001809,INV001719,2025-03-22,81007.64
P001810,INV001720,2025-03-21,52930.32
P001811,INV001721,2025-05-03,23356.4
P001812,INV001721,2025-05-06,13134.53
P001813,INV001722,2025-05-14,39744.39
P001814,INV001723,2025-05-30,83144.39
P001815,INV001724,2025-07-08,36031.81
P001816,INV001725,2025-07-20,57975.22
P001817,INV001726,2025-08-17,17505.46
P001818,INV001726,2025-08-20,9013.01
P001819,INV001727,2025-08-14,22926.51
P001820,INV001727,2025-08-19,32576.06
P001821,INV001728,2025-09-01,26800.02
P001822,INV001728,2025-09-04,34297.73
P001823,INV001729,2025-08-30,90017.95
P001824,INV001730,2025-10-04,56812.94
P001825,INV001731,2025-11-05,47833.94
P001826,INV001731,2025-11-08,15993.61
P001827,INV001735,2024-04-16,2591.93
P001828,INV001736,2024-06-30,1248.91
P001829,INV001737,2024-07-13,3134.24
P001830,INV001738,2024-09-02,4451.39
P001831,INV001739,2025-03-15,1899.96
P001832,INV001739,2025-03-18,1512.88
P001833,INV001740,2025-11-21,1947.73
P001834,INV001741,2024-03-10,52046.88
P001835,INV001742,2024-03-26,46827.14
P001836,INV001743,2024-04-02,46915.39
P001837,INV001744,2024-04-13,59043.19
P001838,INV001745,2024-05-30,39916.64
P001839,INV001746,2024-07-27,13060.06
P001840,INV001746,2024-07-30,17659.62
P001841,INV001747,2024-08-09,55677.74
P001842,INV001748,2024-08-11,26559.61
P001843,INV001748,2024-08-14,13980.97
P001844,INV001749,2024-08-20,36956.36
P001845,INV001750,2024-08-18,32682.59
P001846,INV001751,2024-08-30,20848.07
P001847,INV001751,2024-09-02,25850.6
P001848,INV001752,2024-09-21,25563.62
P001849,INV001753,2024-10-13,89959.66
P001850,INV001754,2024-10-24,50745.77
P001851,INV001755,2024-10-14,22009.81
P001852,INV001755,2024-10-17,7727.74
P001853,INV001756,2024-11-15,43997.65
P001854,INV001757,2024-11-20,44086.72
P001855,INV001758,2024-11-30,61818.81
P001856,INV001759,2024-12-30,99280.2
P001857,INV001760,2025-01-30,39193.37
P001858,INV001761,2025-02-11,25310.91
P001859,INV001761,2025-02-19,19314.06
P001860,INV001762,2025-02-17,53368.76
P001861,INV001763,2025-04-11,11994.42
P001862,INV001763,2025-04-14,11143.99
P001863,INV001764,2025-07-15,48753.93
P001864,INV001765,2025-07-28,30117.76
P001865,INV001765,2025-07-31,13113.41
P001866,INV001766,2025-08-01,98727.72
P001867,INV001767,2025-08-11,47401.79
P001868,INV001768,2025-09-05,43384.45
P001869,INV001769,2025-10-10,42768.25
P001870,INV001770,2025-10-29,28867.04
P001871,INV001771,2025-12-09,19389.45
P001872,INV001771,2025-12-12,27364.97
P001873,INV001773,2024-05-03,4662.8
P001874,INV001773,2024-05-07,2767.05
P001875,INV001774,2024-05-27,8126.7
P001876,INV001775,2024-06-02,17876.65
P001877,INV001776,2024-06-21,12778.31
P001878,INV001777,2024-06-23,6519.83
P001879,INV001778,2024-06-28,8573.6
P001880,INV001779,2024-08-11,12762.65
P001881,INV001780,2024-09-01,9237.7
P001882,INV001781,2024-09-30,10638.76
P001883,INV001782,2024-10-08,6697.71
P001884,INV001783,2024-10-21,6033.44
P001885,INV001784,2025-02-15,7201.14
P001886,INV001785,2025-06-14,7956.47
P001887,INV001786,2025-08-13,5784.08
P001888,INV001787,2025-10-06,11430.82
P001889,INV001788,2025-12-31,5563.95
P001890,INV001789,2024-02-15,9505.64
P001891,INV001789,2024-02-18,4895.76
P001892,INV001790,2024-04-21,18349.91
P001893,INV001791,2024-04-17,29083.79
P001894,INV001792,2024-06-19,5706.74
P001895,INV001793,2024-06-15,25471.34
P001896,INV001794,2024-07-08,8954.29
P001897,INV001795,2024-08-10,14057.02
P001898,INV001796,2024-09-03,13542.48
P001899,INV001797,2024-12-20,8333.31
P001900,INV001798,2024-12-30,10284.81
P001901,INV001799,2025-02-12,9798.08
P001902,INV001800,2025-02-18,12959.27
P001903,INV001801,2025-10-05,9105.04
P001904,INV001802,2025-11-19,17476.05
P001905,INV001803,2025-11-25,25361.65
P001906,INV001804,2025-12-01,10544.41
P001907,INV001805,2024-04-09,4279.86
P001908,INV001806,2025-04-18,2164.22
P001909,INV001807,2025-05-23,2875.54
P001910,INV001808,2025-11-27,4679.21
P001911,INV001809,2025-12-02,3265.71
P001912,INV001810,2025-12-09,4132.79
P001913,INV001811,2025-12-25,1251.44
P001914,INV001812,2024-01-23,3014.29
P001915,INV001813,2024-05-24,1386.31
P001916,INV001814,2024-06-13,1688.95
P001917,INV001815,2024-07-28,250.85
P001918,INV001815,2024-07-31,239.54
P001919,INV001816,2024-10-28,1982.5
P001920,INV001817,2024-11-26,2039.03
P001921,INV001818,2025-03-28,3486.61
P001922,INV001819,2025-05-29,1374.5
P001923,INV001820,2025-07-17,3245.03
P001924,INV001821,2025-09-01,2056.37
P001925,INV001822,2025-10-02,2287.96
P001926,INV001823,2025-11-25,2486.23
P001927,INV001824,2024-02-12,16158.65
P001928,INV001825,2024-05-16,7619.71
P001929,INV001826,2024-05-08,6450.74
P001930,INV001827,2024-07-02,11144.24
P001931,INV001827,2024-07-05,8655.25
P001932,INV001828,2024-07-17,6844.68
P001933,INV001828,2024-07-27,6306.43
P001934,INV001829,2024-08-04,20840.89
P001935,INV001830,2024-09-22,10151.36
P001936,INV001831,2025-01-23,7462.8
P001937,INV001832,2025-05-27,26084.26
P001938,INV001833,2025-06-19,15619.0
P001939,INV001834,2025-07-25,8886.75
P001940,INV001835,2025-09-25,11775.13
P001941,INV001836,2025-10-11,13205.46
P001942,INV001837,2025-11-11,8231.61
P001943,INV001838,2025-12-04,14505.69
P001944,INV001839,2025-12-30,3858.47
P001945,INV001839,2025-12-31,3166.53
P001946,INV001841,2024-04-22,2537.54
P001947,INV001842,2024-11-21,1705.73
P001948,INV001843,2025-02-26,2162.55
P001949,INV001844,2025-03-15,1830.95
P001950,INV001845,2025-09-04,2592.97
P001951,INV001846,2025-09-23,1368.82
P001952,INV001847,2025-10-24,1217.18
P001953,INV001848,2024-01-25,720.83
P001954,INV001849,2024-02-24,2737.14
P001955,INV001850,2024-04-24,1783.04
P001956,INV001850,2024-04-28,838.44
P001957,INV001852,2024-10-16,3617.06
P001958,INV001853,2024-11-13,1874.11
P001959,INV001854,2025-03-03,3705.81
P001960,INV001855,2025-03-03,1636.14
P001961,INV001856,2025-08-10,1668.36
P001962,INV001857,2025-10-05,918.32
P001963,INV001857,2025-10-08,1084.18
P001964,INV001858,2024-01-28,7346.76
P001965,INV001859,2024-03-03,5801.15
P001966,INV001859,2024-03-06,4653.05
P001967,INV001860,2025-01-11,6013.16
P001968,INV001861,2025-03-12,12877.65
P001969,INV001862,2025-04-03,8829.8
P001970,INV001863,2025-04-19,9267.87
P001971,INV001864,2025-09-28,14134.51
P001972,INV001865,2025-11-26,11107.89
P001973,INV001866,2024-02-24,15273.15
P001974,INV001867,2024-03-10,9740.02
P001975,INV001868,2024-03-27,12345.31
P001976,INV001869,2024-05-27,13722.31
P001977,INV001870,2024-06-16,25731.87
P001978,INV001871,2024-07-27,20418.91
P001979,INV001872,2024-08-03,10842.61
P001980,INV001873,2024-10-30,8711.42
P001981,INV001874,2024-11-12,27034.52
P001982,INV001875,2025-01-26,9086.27
P001983,INV001876,2025-05-26,6915.74
P001984,INV001876,2025-06-10,9902.86
P001985,INV001877,2025-05-31,12366.52
P001986,INV001878,2025-06-21,6383.8
P001987,INV001878,2025-07-03,5799.15
P001988,INV001879,2025-07-24,17575.67
P001989,INV001880,2025-07-29,10929.64
P001990,INV001881,2025-08-26,3102.89
P001991,INV001881,2025-08-29,1326.85
P001992,INV001882,2025-08-25,12252.77
P001993,INV001883,2025-09-15,4485.04
P001994,INV001884,2025-09-23,21351.3
P001995,INV001885,2025-09-20,4263.43
P001996,INV001885,2025-09-23,3153.88
P001997,INV001886,2025-12-04,5176.97
P001998,INV001887,2025-12-31,15512.13
